name,cases,year
AFG,0,1996
AFG,0,1997
AFG,0,1998
AFG,0,2002
AFG,0,2003
AFG,0,2004
AFG,0,1990
AFG,0,1991
AFG,0,1992
AFG,0,1993
AFG,0,1994
AFG,0,1995
AFG,0,1999
AFG,0,2000
AFG,0,2001
AFG,0,1989
AFG,0,2005
AFG,0,2006
BGD,0,2002
BGD,0,2003
BGD,0,2004
BGD,0,1990
BGD,0,1991
BGD,0,1992
BGD,0,1993
BGD,0,1994
BGD,0,1995
BGD,0,1996
BGD,0,1997
BGD,0,1998
BGD,0,1999
BGD,0,2000
BGD,0,2001
BGD,0,1989
BGD,0,2005
BGD,0,2006
BEN,181,2002
BEN,30,2003
BEN,3,2004
BEN,37414,1990
BEN,4006,1991
BEN,4315,1992
BEN,16334,1993
BEN,4302,1994
BEN,2273,1995
BEN,1427,1996
BEN,855,1997
BEN,695,1998
BEN,492,1999
BEN,186,2000
BEN,172,2001
BEN,7172,1989
BEN,1,2005
BEN,0,2006
BFA,591,2002
BFA,203,2003
BFA,60,2004
BFA,42187,1990
BFA,11784,1992
BFA,8281,1993
BFA,6861,1994
BFA,6281,1995
BFA,3241,1996
BFA,2477,1997
BFA,2227,1998
BFA,2184,1999
BFA,1956,2000
BFA,1032,2001
BFA,45004,1989
BFA,30,2005
BFA,5,2006
BDI,0,2002
BDI,0,2003
BDI,0,2004
BDI,0,1990
BDI,0,1991
BDI,0,1992
BDI,0,1993
BDI,0,1994
BDI,0,1995
BDI,0,1996
BDI,0,1997
BDI,0,1998
BDI,0,1999
BDI,0,2000
BDI,0,2001
BDI,0,1989
BDI,0,2005
BDI,0,2006
KHM,0,2002
KHM,0,2003
KHM,0,2004
KHM,0,1990
KHM,0,1991
KHM,0,1992
KHM,0,1993
KHM,0,1994
KHM,0,1995
KHM,0,1996
KHM,0,1997
KHM,0,1998
KHM,0,1999
KHM,0,2000
KHM,0,2001
KHM,0,1989
KHM,0,2005
KHM,0,2006
CAF,0,2002
CAF,0,2003
CAF,0,2004
CAF,18,1995
CAF,9,1996
CAF,5,1997
CAF,34,1998
CAF,26,1999
CAF,35,2000
CAF,36,2001
CAF,0,2005
CAF,0,2006
TCD,0,2002
TCD,0,2003
TCD,0,2004
TCD,156,1992
TCD,1231,1993
TCD,640,1994
TCD,149,1995
TCD,127,1996
TCD,25,1997
TCD,3,1998
TCD,1,1999
TCD,3,2000
TCD,0,2001
TCD,0,2005
TCD,0,2006
COM,0,2002
COM,0,2003
COM,0,2004
COM,0,1990
COM,0,1991
COM,0,1992
COM,0,1993
COM,0,1994
COM,0,1995
COM,0,1996
COM,0,1997
COM,0,1998
COM,0,1999
COM,0,2000
COM,0,2001
COM,0,1989
COM,0,2005
COM,0,2006
PRK,0,2002
PRK,0,2003
PRK,0,2004
PRK,0,1990
PRK,0,1991
PRK,0,1992
PRK,0,1993
PRK,0,1994
PRK,0,1995
PRK,0,1996
PRK,0,1997
PRK,0,1998
PRK,0,1999
PRK,0,2000
PRK,0,2001
PRK,0,1989
PRK,0,2005
PRK,0,2006
COD,0,2002
COD,0,2003
COD,0,2004
COD,0,1990
COD,0,1991
COD,0,1992
COD,0,1993
COD,0,1994
COD,0,1995
COD,0,1996
COD,0,1997
COD,0,1998
COD,0,1999
COD,0,2000
COD,0,2001
COD,0,1989
COD,0,2005
COD,0,2006
ETH,47,2002
ETH,28,2003
ETH,17,2004
ETH,2333,1990
ETH,303,1992
ETH,1120,1993
ETH,1252,1994
ETH,514,1995
ETH,371,1996
ETH,451,1997
ETH,366,1998
ETH,249,1999
ETH,60,2000
ETH,29,2001
ETH,3565,1989
ETH,37,2005
ETH,3,2006
GMB,0,2002
GMB,0,2003
GMB,0,2004
GMB,0,1990
GMB,0,1991
GMB,0,1992
GMB,0,1993
GMB,0,1994
GMB,0,1995
GMB,0,1996
GMB,0,1997
GMB,0,1998
GMB,0,1999
GMB,0,2000
GMB,0,2001
GMB,0,1989
GMB,0,2005
GMB,0,2006
GHA,5611,2002
GHA,8290,2003
GHA,7275,2004
GHA,123793,1990
GHA,66697,1991
GHA,33464,1992
GHA,17918,1993
GHA,8432,1994
GHA,8894,1995
GHA,4877,1996
GHA,8921,1997
GHA,5473,1998
GHA,9027,1999
GHA,7402,2000
GHA,4739,2001
GHA,179556,1989
GHA,3981,2005
GHA,4136,2006
GIN,0,2002
GIN,0,2003
GIN,0,2004
GIN,0,1990
GIN,0,1991
GIN,0,1992
GIN,0,1993
GIN,0,1994
GIN,0,1995
GIN,0,1996
GIN,0,1997
GIN,0,1998
GIN,0,1999
GIN,0,2000
GIN,0,2001
GIN,0,1989
GIN,0,2005
GIN,0,2006
GNB,0,2002
GNB,0,2003
GNB,0,2004
GNB,0,1990
GNB,0,1991
GNB,0,1992
GNB,0,1993
GNB,0,1994
GNB,0,1995
GNB,0,1996
GNB,0,1997
GNB,0,1998
GNB,0,1999
GNB,0,2000
GNB,0,2001
GNB,0,1989
GNB,0,2005
GNB,0,2006
HTI,0,2002
HTI,0,2003
HTI,0,2004
HTI,0,1990
HTI,0,1991
HTI,0,1992
HTI,0,1993
HTI,0,1994
HTI,0,1995
HTI,0,1996
HTI,0,1997
HTI,0,1998
HTI,0,1999
HTI,0,2000
HTI,0,2001
HTI,0,1989
HTI,0,2005
HTI,0,2006
KEN,17,2002
KEN,12,2003
KEN,7,2004
KEN,6,1990
KEN,35,1993
KEN,53,1994
KEN,23,1995
KEN,0,1996
KEN,6,1997
KEN,7,1998
KEN,1,1999
KEN,4,2000
KEN,8,2001
KEN,5,1989
KEN,2,2005
KEN,0,2006
KGZ,0,2002
KGZ,0,2003
KGZ,0,2004
KGZ,0,1990
KGZ,0,1991
KGZ,0,1992
KGZ,0,1993
KGZ,0,1994
KGZ,0,1995
KGZ,0,1996
KGZ,0,1997
KGZ,0,1998
KGZ,0,1999
KGZ,0,2000
KGZ,0,2001
KGZ,0,1989
KGZ,0,2005
KGZ,0,2006
LAO,0,2002
LAO,0,2003
LAO,0,2004
LAO,0,1990
LAO,0,1991
LAO,0,1992
LAO,0,1993
LAO,0,1994
LAO,0,1995
LAO,0,1996
LAO,0,1997
LAO,0,1998
LAO,0,1999
LAO,0,2000
LAO,0,2001
LAO,0,1989
LAO,0,2005
LAO,0,2006
LBR,0,2002
LBR,0,2003
LBR,0,2004
LBR,0,1990
LBR,0,1991
LBR,0,1992
LBR,0,1993
LBR,0,1994
LBR,0,1995
LBR,0,1996
LBR,0,1997
LBR,0,1998
LBR,0,1999
LBR,0,2000
LBR,0,2001
LBR,0,1989
LBR,0,2005
LBR,0,2006
MDG,0,2002
MDG,0,2003
MDG,0,2004
MDG,0,1990
MDG,0,1991
MDG,0,1992
MDG,0,1993
MDG,0,1994
MDG,0,1995
MDG,0,1996
MDG,0,1997
MDG,0,1998
MDG,0,1999
MDG,0,2000
MDG,0,2001
MDG,0,1989
MDG,0,2005
MDG,0,2006
MWI,0,2002
MWI,0,2003
MWI,0,2004
MWI,0,1990
MWI,0,1991
MWI,0,1992
MWI,0,1993
MWI,0,1994
MWI,0,1995
MWI,0,1996
MWI,0,1997
MWI,0,1998
MWI,0,1999
MWI,0,2000
MWI,0,2001
MWI,0,1989
MWI,0,2005
MWI,0,2006
MLI,861,2002
MLI,829,2003
MLI,357,2004
MLI,884,1990
MLI,16024,1991
MLI,12011,1993
MLI,5581,1994
MLI,4218,1995
MLI,2402,1996
MLI,1099,1997
MLI,650,1998
MLI,410,1999
MLI,290,2000
MLI,718,2001
MLI,1111,1989
MLI,659,2005
MLI,329,2006
MRT,42,2002
MRT,13,2003
MRT,3,2004
MRT,8036,1990
MRT,1557,1992
MRT,5882,1993
MRT,5029,1994
MRT,1762,1995
MRT,562,1996
MRT,388,1997
MRT,379,1998
MRT,255,1999
MRT,136,2000
MRT,94,2001
MRT,447,1989
MRT,0,2005
MRT,0,2006
MOZ,0,2002
MOZ,0,2003
MOZ,0,2004
MOZ,0,1990
MOZ,0,1991
MOZ,0,1992
MOZ,0,1993
MOZ,0,1994
MOZ,0,1995
MOZ,0,1996
MOZ,0,1997
MOZ,0,1998
MOZ,0,1999
MOZ,0,2000
MOZ,0,2001
MOZ,0,1989
MOZ,0,2005
MOZ,0,2006
MMR,0,2002
MMR,0,2003
MMR,0,2004
MMR,0,1990
MMR,0,1991
MMR,0,1992
MMR,0,1993
MMR,0,1994
MMR,0,1995
MMR,0,1996
MMR,0,1997
MMR,0,1998
MMR,0,1999
MMR,0,2000
MMR,0,2001
MMR,0,1989
MMR,0,2005
MMR,0,2006
NPL,0,2002
NPL,0,2003
NPL,0,2004
NPL,0,1990
NPL,0,1991
NPL,0,1992
NPL,0,1993
NPL,0,1994
NPL,0,1995
NPL,0,1996
NPL,0,1997
NPL,0,1998
NPL,0,1999
NPL,0,2000
NPL,0,2001
NPL,0,1989
NPL,0,2005
NPL,0,2006
NER,248,2002
NER,293,2003
NER,240,2004
NER,32829,1991
NER,500,1992
NER,25346,1993
NER,18562,1994
NER,13821,1995
NER,2956,1996
NER,3030,1997
NER,2700,1998
NER,1920,1999
NER,1166,2000
NER,417,2001
NER,288,1989
NER,183,2005
NER,110,2006
RWA,0,2002
RWA,0,2004
RWA,0,1990
RWA,0,1991
RWA,0,1992
RWA,0,1993
RWA,0,1994
RWA,0,1995
RWA,0,1996
RWA,0,1997
RWA,0,1998
RWA,0,1999
RWA,0,2000
RWA,0,2001
RWA,0,1989
RWA,0,2005
RWA,0,2006
SEN,0,2002
SEN,0,2003
SEN,0,2004
SEN,38,1990
SEN,1341,1991
SEN,728,1992
SEN,815,1993
SEN,195,1994
SEN,76,1995
SEN,19,1996
SEN,4,1997
SEN,0,1998
SEN,0,1999
SEN,0,2000
SEN,1,2001
SEN,0,2005
SEN,0,2006
SLE,0,2002
SLE,0,2003
SLE,0,2004
SLE,0,1990
SLE,0,1991
SLE,0,1992
SLE,0,1993
SLE,0,1994
SLE,0,1995
SLE,0,1996
SLE,0,1997
SLE,0,1998
SLE,0,1999
SLE,0,2000
SLE,0,2001
SLE,0,1989
SLE,0,2005
SLE,0,2006
TJK,0,2002
TJK,0,2003
TJK,0,2004
TJK,0,1990
TJK,0,1991
TJK,0,1992
TJK,0,1993
TJK,0,1994
TJK,0,1995
TJK,0,1996
TJK,0,1997
TJK,0,1998
TJK,0,1999
TJK,0,2000
TJK,0,2001
TJK,0,1989
TJK,0,2005
TJK,0,2006
TGO,1502,2002
TGO,669,2003
TGO,278,2004
TGO,3042,1990
TGO,5118,1991
TGO,8179,1992
TGO,10349,1993
TGO,5044,1994
TGO,2073,1995
TGO,1626,1996
TGO,1762,1997
TGO,2128,1998
TGO,1589,1999
TGO,828,2000
TGO,1354,2001
TGO,2749,1989
TGO,73,2005
TGO,29,2006
UGA,24,2002
UGA,26,2003
UGA,4,2004
UGA,4704,1990
UGA,120259,1991
UGA,126369,1992
UGA,42852,1993
UGA,10425,1994
UGA,4810,1995
UGA,1455,1996
UGA,1374,1997
UGA,1061,1998
UGA,321,1999
UGA,96,2000
UGA,55,2001
UGA,1309,1989
UGA,9,2005
UGA,2,2006
TZA,0,2002
TZA,0,2003
TZA,0,2004
TZA,0,1990
TZA,0,1991
TZA,0,1992
TZA,0,1993
TZA,0,1994
TZA,0,1995
TZA,0,1996
TZA,0,1997
TZA,0,1998
TZA,0,1999
TZA,0,2000
TZA,0,2001
TZA,0,1989
TZA,0,2005
TZA,0,2006
UZB,0,2002
UZB,0,2003
UZB,0,2004
UZB,0,1990
UZB,0,1991
UZB,0,1992
UZB,0,1993
UZB,0,1994
UZB,0,1995
UZB,0,1996
UZB,0,1997
UZB,0,1998
UZB,0,1999
UZB,0,2000
UZB,0,2001
UZB,0,1989
UZB,0,2005
UZB,0,2006
VNM,0,2002
VNM,0,2003
VNM,0,2004
VNM,0,1990
VNM,0,1991
VNM,0,1992
VNM,0,1993
VNM,0,1994
VNM,0,1995
VNM,0,1996
VNM,0,1997
VNM,0,1998
VNM,0,1999
VNM,0,2000
VNM,0,2001
VNM,0,1989
VNM,0,2005
VNM,0,2006
YEM,0,2002
YEM,0,2003
YEM,0,2004
YEM,0,1993
YEM,94,1994
YEM,82,1995
YEM,62,1996
YEM,7,1997
YEM,0,1998
YEM,0,1999
YEM,0,2000
YEM,1,2001
YEM,0,2005
YEM,0,2006
ZMB,0,2002
ZMB,0,2003
ZMB,0,2004
ZMB,0,1990
ZMB,0,1991
ZMB,0,1992
ZMB,0,1993
ZMB,0,1994
ZMB,0,1995
ZMB,0,1996
ZMB,0,1997
ZMB,0,1998
ZMB,0,1999
ZMB,0,2000
ZMB,0,2001
ZMB,0,1989
ZMB,0,2005
ZMB,0,2006
ZWE,0,2002
ZWE,0,2003
ZWE,0,2004
ZWE,0,1990
ZWE,0,1991
ZWE,0,1992
ZWE,0,1993
ZWE,0,1994
ZWE,0,1995
ZWE,0,1996
ZWE,0,1997
ZWE,0,1998
ZWE,0,1999
ZWE,0,2000
ZWE,0,2001
ZWE,0,1989
ZWE,0,2005
ZWE,0,2006
ALB,0,2002
ALB,0,2003
ALB,0,2004
ALB,0,1990
ALB,0,1991
ALB,0,1992
ALB,0,1993
ALB,0,1994
ALB,0,1995
ALB,0,1996
ALB,0,1997
ALB,0,1998
ALB,0,1999
ALB,0,2000
ALB,0,2001
ALB,0,1989
ALB,0,2005
ALB,0,2006
ARM,0,2002
ARM,0,2003
ARM,0,2004
ARM,0,1990
ARM,0,1991
ARM,0,1992
ARM,0,1993
ARM,0,1994
ARM,0,1995
ARM,0,1996
ARM,0,1997
ARM,0,1998
ARM,0,1999
ARM,0,2000
ARM,0,2001
ARM,0,1989
ARM,0,2005
ARM,0,2006
AZE,0,2002
AZE,0,2003
AZE,0,2004
AZE,0,1990
AZE,0,1991
AZE,0,1992
AZE,0,1993
AZE,0,1994
AZE,0,1995
AZE,0,1996
AZE,0,1997
AZE,0,1998
AZE,0,1999
AZE,0,2000
AZE,0,2001
AZE,0,1989
AZE,0,2005
AZE,0,2006
BLZ,0,2002
BLZ,0,2003
BLZ,0,2004
BLZ,0,1990
BLZ,0,1991
BLZ,0,1992
BLZ,0,1993
BLZ,0,1994
BLZ,0,1995
BLZ,0,1996
BLZ,0,1997
BLZ,0,1998
BLZ,0,1999
BLZ,0,2000
BLZ,0,2001
BLZ,0,1989
BLZ,0,2005
BLZ,0,2006
BTN,0,2002
BTN,0,2003
BTN,0,2004
BTN,0,1990
BTN,0,1991
BTN,0,1992
BTN,0,1993
BTN,0,1994
BTN,0,1995
BTN,0,1996
BTN,0,1997
BTN,0,1998
BTN,0,1999
BTN,0,2000
BTN,0,2001
BTN,0,1989
BTN,0,2005
BTN,0,2006
BOL,0,2002
BOL,0,2003
BOL,0,2004
BOL,0,1990
BOL,0,1991
BOL,0,1992
BOL,0,1993
BOL,0,1994
BOL,0,1995
BOL,0,1996
BOL,0,1997
BOL,0,1998
BOL,0,1999
BOL,0,2000
BOL,0,2001
BOL,0,1989
BOL,0,2005
BOL,0,2006
CMR,3,2002
CMR,0,2003
CMR,0,2004
CMR,742,1990
CMR,393,1991
CMR,127,1992
CMR,72,1993
CMR,30,1994
CMR,15,1995
CMR,17,1996
CMR,19,1997
CMR,23,1998
CMR,8,1999
CMR,5,2000
CMR,5,2001
CMR,871,1989
CMR,0,2005
CMR,0,2006
CPV,0,2002
CPV,0,2003
CPV,0,2004
CPV,0,1990
CPV,0,1991
CPV,0,1992
CPV,0,1993
CPV,0,1994
CPV,0,1995
CPV,0,1996
CPV,0,1997
CPV,0,1998
CPV,0,1999
CPV,0,2000
CPV,0,2001
CPV,0,1989
CPV,0,2005
CPV,0,2006
CHN,0,2002
CHN,0,2003
CHN,0,2004
CHN,0,1990
CHN,0,1991
CHN,0,1992
CHN,0,1993
CHN,0,1994
CHN,0,1995
CHN,0,1996
CHN,0,1997
CHN,0,1998
CHN,0,1999
CHN,0,2000
CHN,0,2001
CHN,0,1989
CHN,0,2005
CHN,0,2006
COG,0,2002
COG,0,2003
COG,0,2004
COG,0,1990
COG,0,1991
COG,0,1992
COG,0,1993
COG,0,1994
COG,0,1995
COG,0,1996
COG,0,1997
COG,0,1998
COG,0,1999
COG,0,2000
COG,0,2001
COG,0,1989
COG,0,2005
COG,0,2006
CIV,198,2002
CIV,42,2003
CIV,21,2004
CIV,1360,1990
CIV,12690,1991
CIV,8034,1993
CIV,5061,1994
CIV,3801,1995
CIV,2794,1996
CIV,1254,1997
CIV,1414,1998
CIV,476,1999
CIV,297,2000
CIV,231,2001
CIV,1555,1989
CIV,10,2005
CIV,5,2006
DJI,0,2002
DJI,0,2003
DJI,0,2004
DJI,0,1990
DJI,0,1991
DJI,0,1992
DJI,0,1993
DJI,0,1994
DJI,0,1995
DJI,0,1996
DJI,0,1997
DJI,0,1998
DJI,0,1999
DJI,0,2000
DJI,0,2001
DJI,0,1989
DJI,0,2005
DJI,0,2006
ECU,0,2002
ECU,0,2003
ECU,0,2004
ECU,0,1990
ECU,0,1991
ECU,0,1992
ECU,0,1993
ECU,0,1994
ECU,0,1995
ECU,0,1996
ECU,0,1997
ECU,0,1998
ECU,0,1999
ECU,0,2000
ECU,0,2001
ECU,0,1989
ECU,0,2005
ECU,0,2006
EGY,0,2002
EGY,0,2003
EGY,0,2004
EGY,0,1990
EGY,0,1991
EGY,0,1992
EGY,0,1993
EGY,0,1994
EGY,0,1995
EGY,0,1996
EGY,0,1997
EGY,0,1998
EGY,0,1999
EGY,0,2000
EGY,0,2001
EGY,0,1989
EGY,0,2005
EGY,0,2006
SLV,0,2002
SLV,0,2003
SLV,0,2004
SLV,0,1990
SLV,0,1991
SLV,0,1992
SLV,0,1993
SLV,0,1994
SLV,0,1995
SLV,0,1996
SLV,0,1997
SLV,0,1998
SLV,0,1999
SLV,0,2000
SLV,0,2001
SLV,0,1989
SLV,0,2005
SLV,0,2006
GEO,0,2002
GEO,0,2003
GEO,0,2004
GEO,0,1990
GEO,0,1991
GEO,0,1992
GEO,0,1993
GEO,0,1994
GEO,0,1995
GEO,0,1996
GEO,0,1997
GEO,0,1998
GEO,0,1999
GEO,0,2000
GEO,0,2001
GEO,0,1989
GEO,0,2005
GEO,0,2006
GTM,0,2002
GTM,0,2003
GTM,0,2004
GTM,0,1990
GTM,0,1991
GTM,0,1992
GTM,0,1993
GTM,0,1994
GTM,0,1995
GTM,0,1996
GTM,0,1997
GTM,0,1998
GTM,0,1999
GTM,0,2000
GTM,0,2001
GTM,0,1989
GTM,0,2005
GTM,0,2006
GUY,0,2002
GUY,0,2003
GUY,0,2004
GUY,0,1990
GUY,0,1991
GUY,0,1992
GUY,0,1993
GUY,0,1994
GUY,0,1995
GUY,0,1996
GUY,0,1997
GUY,0,1998
GUY,0,1999
GUY,0,2000
GUY,0,2001
GUY,0,1989
GUY,0,2005
GUY,0,2006
HND,0,2002
HND,0,2003
HND,0,2004
HND,0,1990
HND,0,1991
HND,0,1992
HND,0,1993
HND,0,1994
HND,0,1995
HND,0,1996
HND,0,1997
HND,0,1998
HND,0,1999
HND,0,2000
HND,0,2001
HND,0,1989
HND,0,2005
HND,0,2006
IND,0,2002
IND,0,2003
IND,0,2004
IND,4798,1990
IND,2185,1991
IND,1081,1992
IND,755,1993
IND,371,1994
IND,60,1995
IND,9,1996
IND,0,1997
IND,0,1998
IND,0,1999
IND,0,2000
IND,0,2001
IND,7881,1989
IND,0,2005
IND,0,2006
IDN,0,2002
IDN,0,2003
IDN,0,2004
IDN,0,1990
IDN,0,1991
IDN,0,1992
IDN,0,1993
IDN,0,1994
IDN,0,1995
IDN,0,1996
IDN,0,1997
IDN,0,1998
IDN,0,1999
IDN,0,2000
IDN,0,2001
IDN,0,1989
IDN,0,2005
IDN,0,2006
IRN,0,2002
IRN,0,2003
IRN,0,2004
IRN,0,1990
IRN,0,1991
IRN,0,1992
IRN,0,1993
IRN,0,1994
IRN,0,1995
IRN,0,1996
IRN,0,1997
IRN,0,1998
IRN,0,1999
IRN,0,2000
IRN,0,2001
IRN,0,1989
IRN,0,2005
IRN,0,2006
IRQ,0,2002
IRQ,0,2003
IRQ,0,2004
IRQ,0,1990
IRQ,0,1991
IRQ,0,1992
IRQ,0,1993
IRQ,0,1994
IRQ,0,1995
IRQ,0,1996
IRQ,0,1997
IRQ,0,1998
IRQ,0,1999
IRQ,0,2000
IRQ,0,2001
IRQ,0,1989
IRQ,0,2005
IRQ,0,2006
JOR,0,2002
JOR,0,2003
JOR,0,2004
JOR,0,1990
JOR,0,1991
JOR,0,1992
JOR,0,1993
JOR,0,1994
JOR,0,1995
JOR,0,1996
JOR,0,1997
JOR,0,1998
JOR,0,1999
JOR,0,2000
JOR,0,2001
JOR,0,1989
JOR,0,2005
JOR,0,2006
KIR,0,2002
KIR,0,2003
KIR,0,2004
KIR,0,1990
KIR,0,1991
KIR,0,1992
KIR,0,1993
KIR,0,1994
KIR,0,1995
KIR,0,1996
KIR,0,1997
KIR,0,1998
KIR,0,1999
KIR,0,2000
KIR,0,2001
KIR,0,1989
KIR,0,2005
KIR,0,2006
LSO,0,2002
LSO,0,2003
LSO,0,2004
LSO,0,1990
LSO,0,1991
LSO,0,1992
LSO,0,1993
LSO,0,1994
LSO,0,1995
LSO,0,1996
LSO,0,1997
LSO,0,1998
LSO,0,1999
LSO,0,2000
LSO,0,2001
LSO,0,1989
LSO,0,2005
LSO,0,2006
MDV,0,2002
MDV,0,2003
MDV,0,2004
MDV,0,1990
MDV,0,1991
MDV,0,1992
MDV,0,1993
MDV,0,1994
MDV,0,1995
MDV,0,1996
MDV,0,1997
MDV,0,1998
MDV,0,1999
MDV,0,2000
MDV,0,2001
MDV,0,1989
MDV,0,2005
MDV,0,2006
MHL,0,2002
MHL,0,2003
MHL,0,2004
MHL,0,1990
MHL,0,1991
MHL,0,1992
MHL,0,1993
MHL,0,1994
MHL,0,1995
MHL,0,1996
MHL,0,1997
MHL,0,1998
MHL,0,1999
MHL,0,2000
MHL,0,2001
MHL,0,1989
MHL,0,2005
MHL,0,2006
FSM,0,2002
FSM,0,2003
FSM,0,2004
FSM,0,1990
FSM,0,1991
FSM,0,1992
FSM,0,1993
FSM,0,1994
FSM,0,1995
FSM,0,1996
FSM,0,1997
FSM,0,1998
FSM,0,1999
FSM,0,2000
FSM,0,2001
FSM,0,1989
FSM,0,2005
FSM,0,2006
MNG,0,2002
MNG,0,2003
MNG,0,2004
MNG,0,1990
MNG,0,1991
MNG,0,1992
MNG,0,1993
MNG,0,1994
MNG,0,1995
MNG,0,1996
MNG,0,1997
MNG,0,1998
MNG,0,1999
MNG,0,2000
MNG,0,2001
MNG,0,1989
MNG,0,2005
MNG,0,2006
MAR,0,2002
MAR,0,2003
MAR,0,2004
MAR,0,1990
MAR,0,1991
MAR,0,1992
MAR,0,1993
MAR,0,1994
MAR,0,1995
MAR,0,1996
MAR,0,1997
MAR,0,1998
MAR,0,1999
MAR,0,2000
MAR,0,2001
MAR,0,1989
MAR,0,2005
MAR,0,2006
NIC,0,2002
NIC,0,2003
NIC,0,2004
NIC,0,1990
NIC,0,1991
NIC,0,1992
NIC,0,1993
NIC,0,1994
NIC,0,1995
NIC,0,1996
NIC,0,1997
NIC,0,1998
NIC,0,1999
NIC,0,2000
NIC,0,2001
NIC,0,1989
NIC,0,2005
NIC,0,2006
NGA,3820,2002
NGA,1459,2003
NGA,495,2004
NGA,394082,1990
NGA,281937,1991
NGA,183169,1992
NGA,75752,1993
NGA,39774,1994
NGA,16374,1995
NGA,12282,1996
NGA,12590,1997
NGA,13420,1998
NGA,13237,1999
NGA,7869,2000
NGA,5355,2001
NGA,640008,1989
NGA,120,2005
NGA,16,2006
PAK,0,2002
PAK,0,2003
PAK,0,2004
PAK,160,1990
PAK,106,1991
PAK,23,1992
PAK,2,1993
PAK,0,1994
PAK,0,1995
PAK,0,1996
PAK,0,1997
PAK,0,1998
PAK,0,1999
PAK,0,2000
PAK,0,2001
PAK,534,1989
PAK,0,2005
PAK,0,2006
PNG,0,2002
PNG,0,2003
PNG,0,2004
PNG,0,1990
PNG,0,1991
PNG,0,1992
PNG,0,1993
PNG,0,1994
PNG,0,1995
PNG,0,1996
PNG,0,1997
PNG,0,1998
PNG,0,1999
PNG,0,2000
PNG,0,2001
PNG,0,1989
PNG,0,2005
PNG,0,2006
PRY,0,2002
PRY,0,2003
PRY,0,2004
PRY,0,1990
PRY,0,1991
PRY,0,1992
PRY,0,1993
PRY,0,1994
PRY,0,1995
PRY,0,1996
PRY,0,1997
PRY,0,1998
PRY,0,1999
PRY,0,2000
PRY,0,2001
PRY,0,1989
PRY,0,2005
PRY,0,2006
PHL,0,2002
PHL,0,2003
PHL,0,2004
PHL,0,1990
PHL,0,1991
PHL,0,1992
PHL,0,1993
PHL,0,1994
PHL,0,1995
PHL,0,1996
PHL,0,1997
PHL,0,1998
PHL,0,1999
PHL,0,2000
PHL,0,2001
PHL,0,1989
PHL,0,2005
PHL,0,2006
MDA,0,2002
MDA,0,2003
MDA,0,2004
MDA,0,1990
MDA,0,1991
MDA,0,1992
MDA,0,1993
MDA,0,1994
MDA,0,1995
MDA,0,1996
MDA,0,1997
MDA,0,1998
MDA,0,1999
MDA,0,2000
MDA,0,2001
MDA,0,1989
MDA,0,2005
MDA,0,2006
WSM,0,2002
WSM,0,2003
WSM,0,2004
WSM,0,1990
WSM,0,1991
WSM,0,1992
WSM,0,1993
WSM,0,1994
WSM,0,1995
WSM,0,1996
WSM,0,1997
WSM,0,1998
WSM,0,1999
WSM,0,2000
WSM,0,2001
WSM,0,1989
WSM,0,2005
WSM,0,2006
STP,0,2002
STP,0,2003
STP,0,2004
STP,0,1990
STP,0,1991
STP,0,1992
STP,0,1993
STP,0,1994
STP,0,1995
STP,0,1996
STP,0,1997
STP,0,1998
STP,0,1999
STP,0,2000
STP,0,2001
STP,0,1989
STP,0,2005
STP,0,2006
SLB,0,2002
SLB,0,2003
SLB,0,2004
SLB,0,1990
SLB,0,1991
SLB,0,1992
SLB,0,1993
SLB,0,1994
SLB,0,1995
SLB,0,1996
SLB,0,1997
SLB,0,1998
SLB,0,1999
SLB,0,2000
SLB,0,2001
SLB,0,1989
SLB,0,2005
SLB,0,2006
LKA,0,2002
LKA,0,2003
LKA,0,2004
LKA,0,1990
LKA,0,1991
LKA,0,1992
LKA,0,1993
LKA,0,1994
LKA,0,1995
LKA,0,1996
LKA,0,1997
LKA,0,1998
LKA,0,1999
LKA,0,2000
LKA,0,2001
LKA,0,1989
LKA,0,2005
LKA,0,2006
SDN,41493,2002
SDN,20299,2003
SDN,7266,2004
SDN,2447,1992
SDN,2984,1993
SDN,53271,1994
SDN,64608,1995
SDN,118578,1996
SDN,43596,1997
SDN,47977,1998
SDN,66097,1999
SDN,54890,2000
SDN,49471,2001
SDN,5569,2005
SDN,20582,2006
SWZ,0,2002
SWZ,0,2003
SWZ,0,2004
SWZ,0,1990
SWZ,0,1991
SWZ,0,1992
SWZ,0,1993
SWZ,0,1994
SWZ,0,1995
SWZ,0,1996
SWZ,0,1997
SWZ,0,1998
SWZ,0,1999
SWZ,0,2000
SWZ,0,2001
SWZ,0,1989
SWZ,0,2005
SWZ,0,2006
SYR,0,2002
SYR,0,2003
SYR,0,2004
SYR,0,1990
SYR,0,1991
SYR,0,1992
SYR,0,1993
SYR,0,1994
SYR,0,1995
SYR,0,1996
SYR,0,1997
SYR,0,1998
SYR,0,1999
SYR,0,2000
SYR,0,2001
SYR,0,1989
SYR,0,2005
SYR,0,2006
THA,0,2002
THA,0,2003
THA,0,2004
THA,0,1990
THA,0,1991
THA,0,1992
THA,0,1993
THA,0,1994
THA,0,1995
THA,0,1996
THA,0,1997
THA,0,1998
THA,0,1999
THA,0,2000
THA,0,2001
THA,0,1989
THA,0,2005
THA,0,2006
TLS,0,2002
TLS,0,2003
TLS,0,2004
TLS,0,1990
TLS,0,1991
TLS,0,1992
TLS,0,1993
TLS,0,1994
TLS,0,1995
TLS,0,1996
TLS,0,1997
TLS,0,1998
TLS,0,1999
TLS,0,2000
TLS,0,2001
TLS,0,1989
TLS,0,2005
TLS,0,2006
TON,0,2002
TON,0,2003
TON,0,2004
TON,0,1990
TON,0,1991
TON,0,1992
TON,0,1993
TON,0,1994
TON,0,1995
TON,0,1996
TON,0,1997
TON,0,1998
TON,0,1999
TON,0,2000
TON,0,2001
TON,0,1989
TON,0,2005
TON,0,2006
TUN,0,2002
TUN,0,2003
TUN,0,2004
TUN,0,1990
TUN,0,1991
TUN,0,1992
TUN,0,1993
TUN,0,1994
TUN,0,1995
TUN,0,1996
TUN,0,1997
TUN,0,1998
TUN,0,1999
TUN,0,2000
TUN,0,2001
TUN,0,1989
TUN,0,2005
TUN,0,2006
TKM,0,2002
TKM,0,2003
TKM,0,2004
TKM,0,1990
TKM,0,1991
TKM,0,1992
TKM,0,1993
TKM,0,1994
TKM,0,1995
TKM,0,1996
TKM,0,1997
TKM,0,1998
TKM,0,1999
TKM,0,2000
TKM,0,2001
TKM,0,1989
TKM,0,2005
TKM,0,2006
UKR,0,2002
UKR,0,2003
UKR,0,2004
UKR,0,1990
UKR,0,1991
UKR,0,1992
UKR,0,1993
UKR,0,1994
UKR,0,1995
UKR,0,1996
UKR,0,1997
UKR,0,1998
UKR,0,1999
UKR,0,2000
UKR,0,2001
UKR,0,1989
UKR,0,2005
UKR,0,2006
VUT,0,2002
VUT,0,2003
VUT,0,2004
VUT,0,1990
VUT,0,1991
VUT,0,1992
VUT,0,1993
VUT,0,1994
VUT,0,1995
VUT,0,1996
VUT,0,1997
VUT,0,1998
VUT,0,1999
VUT,0,2000
VUT,0,2001
VUT,0,1989
VUT,0,2005
VUT,0,2006
DZA,0,2002
DZA,0,2003
DZA,0,2004
DZA,0,1990
DZA,0,1991
DZA,0,1992
DZA,0,1993
DZA,0,1994
DZA,0,1995
DZA,0,1996
DZA,0,1997
DZA,0,1998
DZA,0,1999
DZA,0,2000
DZA,0,2001
DZA,0,1989
DZA,0,2005
DZA,0,2006
ARG,0,2002
ARG,0,2003
ARG,0,2004
ARG,0,1990
ARG,0,1991
ARG,0,1992
ARG,0,1993
ARG,0,1994
ARG,0,1995
ARG,0,1996
ARG,0,1997
ARG,0,1998
ARG,0,1999
ARG,0,2000
ARG,0,2001
ARG,0,1989
ARG,0,2005
ARG,0,2006
BLR,0,2002
BLR,0,2003
BLR,0,2004
BLR,0,1990
BLR,0,1991
BLR,0,1992
BLR,0,1993
BLR,0,1994
BLR,0,1995
BLR,0,1996
BLR,0,1997
BLR,0,1998
BLR,0,1999
BLR,0,2000
BLR,0,2001
BLR,0,1989
BLR,0,2005
BLR,0,2006
BWA,0,2002
BWA,0,2003
BWA,0,2004
BWA,0,1990
BWA,0,1991
BWA,0,1992
BWA,0,1993
BWA,0,1994
BWA,0,1995
BWA,0,1996
BWA,0,1997
BWA,0,1998
BWA,0,1999
BWA,0,2000
BWA,0,2001
BWA,0,1989
BWA,0,2005
BWA,0,2006
BRA,0,2002
BRA,0,2003
BRA,0,2004
BRA,0,1990
BRA,0,1991
BRA,0,1992
BRA,0,1993
BRA,0,1994
BRA,0,1995
BRA,0,1996
BRA,0,1997
BRA,0,1998
BRA,0,1999
BRA,0,2000
BRA,0,2001
BRA,0,1989
BRA,0,2005
BRA,0,2006
BGR,0,2002
BGR,0,2003
BGR,0,2004
BGR,0,1990
BGR,0,1991
BGR,0,1992
BGR,0,1993
BGR,0,1994
BGR,0,1995
BGR,0,1996
BGR,0,1997
BGR,0,1998
BGR,0,1999
BGR,0,2000
BGR,0,2001
BGR,0,1989
BGR,0,2005
BGR,0,2006
CHL,0,2002
CHL,0,2003
CHL,0,2004
CHL,0,1990
CHL,0,1991
CHL,0,1992
CHL,0,1993
CHL,0,1994
CHL,0,1995
CHL,0,1996
CHL,0,1997
CHL,0,1998
CHL,0,1999
CHL,0,2000
CHL,0,2001
CHL,0,1989
CHL,0,2005
CHL,0,2006
COL,0,2002
COL,0,2003
COL,0,2004
COL,0,1990
COL,0,1991
COL,0,1992
COL,0,1993
COL,0,1994
COL,0,1995
COL,0,1996
COL,0,1997
COL,0,1998
COL,0,1999
COL,0,2000
COL,0,2001
COL,0,1989
COL,0,2005
COL,0,2006
CRI,0,2002
CRI,0,2003
CRI,0,2004
CRI,0,1990
CRI,0,1991
CRI,0,1992
CRI,0,1993
CRI,0,1994
CRI,0,1995
CRI,0,1996
CRI,0,1997
CRI,0,1998
CRI,0,1999
CRI,0,2000
CRI,0,2001
CRI,0,1989
CRI,0,2005
CRI,0,2006
CUB,0,2002
CUB,0,2003
CUB,0,2004
CUB,0,1990
CUB,0,1991
CUB,0,1992
CUB,0,1993
CUB,0,1994
CUB,0,1995
CUB,0,1996
CUB,0,1997
CUB,0,1998
CUB,0,1999
CUB,0,2000
CUB,0,2001
CUB,0,1989
CUB,0,2005
CUB,0,2006
DMA,0,2002
DMA,0,2003
DMA,0,2004
DMA,0,1990
DMA,0,1991
DMA,0,1992
DMA,0,1993
DMA,0,1994
DMA,0,1995
DMA,0,1996
DMA,0,1997
DMA,0,1998
DMA,0,1999
DMA,0,2000
DMA,0,2001
DMA,0,1989
DMA,0,2005
DMA,0,2006
DOM,0,2002
DOM,0,2003
DOM,0,2004
DOM,0,1990
DOM,0,1991
DOM,0,1992
DOM,0,1993
DOM,0,1994
DOM,0,1995
DOM,0,1996
DOM,0,1997
DOM,0,1998
DOM,0,1999
DOM,0,2000
DOM,0,2001
DOM,0,1989
DOM,0,2005
DOM,0,2006
FJI,0,2002
FJI,0,2003
FJI,0,2004
FJI,0,1990
FJI,0,1991
FJI,0,1992
FJI,0,1993
FJI,0,1994
FJI,0,1995
FJI,0,1996
FJI,0,1997
FJI,0,1998
FJI,0,1999
FJI,0,2000
FJI,0,2001
FJI,0,1989
FJI,0,2005
FJI,0,2006
GAB,0,2002
GAB,0,2003
GAB,0,2004
GAB,0,1990
GAB,0,1991
GAB,0,1992
GAB,0,1993
GAB,0,1994
GAB,0,1995
GAB,0,1996
GAB,0,1997
GAB,0,1998
GAB,0,1999
GAB,0,2000
GAB,0,2001
GAB,0,1989
GAB,0,2005
GAB,0,2006
GRD,0,2002
GRD,0,2003
GRD,0,2004
GRD,0,1990
GRD,0,1991
GRD,0,1992
GRD,0,1993
GRD,0,1994
GRD,0,1995
GRD,0,1996
GRD,0,1997
GRD,0,1998
GRD,0,1999
GRD,0,2000
GRD,0,2001
GRD,0,1989
GRD,0,2005
GRD,0,2006
JAM,0,2002
JAM,0,2003
JAM,0,2004
JAM,0,1990
JAM,0,1991
JAM,0,1992
JAM,0,1993
JAM,0,1994
JAM,0,1995
JAM,0,1996
JAM,0,1997
JAM,0,1998
JAM,0,1999
JAM,0,2000
JAM,0,2001
JAM,0,1989
JAM,0,2005
JAM,0,2006
KAZ,0,2002
KAZ,0,2003
KAZ,0,2004
KAZ,0,1990
KAZ,0,1991
KAZ,0,1992
KAZ,0,1993
KAZ,0,1994
KAZ,0,1995
KAZ,0,1996
KAZ,0,1997
KAZ,0,1998
KAZ,0,1999
KAZ,0,2000
KAZ,0,2001
KAZ,0,1989
KAZ,0,2005
KAZ,0,2006
LVA,0,2002
LVA,0,2003
LVA,0,2004
LVA,0,1990
LVA,0,1991
LVA,0,1992
LVA,0,1993
LVA,0,1994
LVA,0,1995
LVA,0,1996
LVA,0,1997
LVA,0,1998
LVA,0,1999
LVA,0,2000
LVA,0,2001
LVA,0,1989
LVA,0,2005
LVA,0,2006
LBN,0,2002
LBN,0,2003
LBN,0,2004
LBN,0,1990
LBN,0,1991
LBN,0,1992
LBN,0,1993
LBN,0,1994
LBN,0,1995
LBN,0,1996
LBN,0,1997
LBN,0,1998
LBN,0,1999
LBN,0,2000
LBN,0,2001
LBN,0,1989
LBN,0,2005
LBN,0,2006
LBY,0,2002
LBY,0,2003
LBY,0,2004
LBY,0,1990
LBY,0,1991
LBY,0,1992
LBY,0,1993
LBY,0,1994
LBY,0,1995
LBY,0,1996
LBY,0,1997
LBY,0,1998
LBY,0,1999
LBY,0,2000
LBY,0,2001
LBY,0,1989
LBY,0,2005
LBY,0,2006
LTU,0,2002
LTU,0,2003
LTU,0,2004
LTU,0,1990
LTU,0,1991
LTU,0,1992
LTU,0,1993
LTU,0,1994
LTU,0,1995
LTU,0,1996
LTU,0,1997
LTU,0,1998
LTU,0,1999
LTU,0,2000
LTU,0,2001
LTU,0,1989
LTU,0,2005
LTU,0,2006
MYS,0,2002
MYS,0,2003
MYS,0,2004
MYS,0,1990
MYS,0,1991
MYS,0,1992
MYS,0,1993
MYS,0,1994
MYS,0,1995
MYS,0,1996
MYS,0,1997
MYS,0,1998
MYS,0,1999
MYS,0,2000
MYS,0,2001
MYS,0,1989
MYS,0,2005
MYS,0,2006
MUS,0,2002
MUS,0,2003
MUS,0,2004
MUS,0,1990
MUS,0,1991
MUS,0,1992
MUS,0,1993
MUS,0,1994
MUS,0,1995
MUS,0,1996
MUS,0,1997
MUS,0,1998
MUS,0,1999
MUS,0,2000
MUS,0,2001
MUS,0,1989
MUS,0,2005
MUS,0,2006
MEX,0,2002
MEX,0,2003
MEX,0,2004
MEX,0,1990
MEX,0,1991
MEX,0,1992
MEX,0,1993
MEX,0,1994
MEX,0,1995
MEX,0,1996
MEX,0,1997
MEX,0,1998
MEX,0,1999
MEX,0,2000
MEX,0,2001
MEX,0,1989
MEX,0,2005
MEX,0,2006
NAM,0,2002
NAM,0,2003
NAM,0,2004
NAM,0,1990
NAM,0,1991
NAM,0,1992
NAM,0,1993
NAM,0,1994
NAM,0,1995
NAM,0,1996
NAM,0,1997
NAM,0,1998
NAM,0,1999
NAM,0,2000
NAM,0,2001
NAM,0,1989
NAM,0,2005
NAM,0,2006
PLW,0,2002
PLW,0,2003
PLW,0,2004
PLW,0,1990
PLW,0,1991
PLW,0,1992
PLW,0,1993
PLW,0,1994
PLW,0,1995
PLW,0,1996
PLW,0,1997
PLW,0,1998
PLW,0,1999
PLW,0,2000
PLW,0,2001
PLW,0,1989
PLW,0,2005
PLW,0,2006
PAN,0,2002
PAN,0,2003
PAN,0,2004
PAN,0,1990
PAN,0,1991
PAN,0,1992
PAN,0,1993
PAN,0,1994
PAN,0,1995
PAN,0,1996
PAN,0,1997
PAN,0,1998
PAN,0,1999
PAN,0,2000
PAN,0,2001
PAN,0,1989
PAN,0,2005
PAN,0,2006
PER,0,2002
PER,0,2003
PER,0,2004
PER,0,1990
PER,0,1991
PER,0,1992
PER,0,1993
PER,0,1994
PER,0,1995
PER,0,1996
PER,0,1997
PER,0,1998
PER,0,1999
PER,0,2000
PER,0,2001
PER,0,1989
PER,0,2005
PER,0,2006
POL,0,2002
POL,0,2003
POL,0,2004
POL,0,1990
POL,0,1991
POL,0,1992
POL,0,1993
POL,0,1994
POL,0,1995
POL,0,1996
POL,0,1997
POL,0,1998
POL,0,1999
POL,0,2000
POL,0,2001
POL,0,1989
POL,0,2005
POL,0,2006
ROU,0,2002
ROU,0,2003
ROU,0,2004
ROU,0,1990
ROU,0,1991
ROU,0,1992
ROU,0,1993
ROU,0,1994
ROU,0,1995
ROU,0,1996
ROU,0,1997
ROU,0,1998
ROU,0,1999
ROU,0,2000
ROU,0,2001
ROU,0,1989
ROU,0,2005
ROU,0,2006
RUS,0,2002
RUS,0,2003
RUS,0,2004
RUS,0,1990
RUS,0,1991
RUS,0,1992
RUS,0,1993
RUS,0,1994
RUS,0,1995
RUS,0,1996
RUS,0,1997
RUS,0,1998
RUS,0,1999
RUS,0,2000
RUS,0,2001
RUS,0,1989
RUS,0,2005
RUS,0,2006
KNA,0,2002
KNA,0,2003
KNA,0,2004
KNA,0,1990
KNA,0,1991
KNA,0,1992
KNA,0,1993
KNA,0,1994
KNA,0,1995
KNA,0,1996
KNA,0,1997
KNA,0,1998
KNA,0,1999
KNA,0,2000
KNA,0,2001
KNA,0,1989
KNA,0,2005
KNA,0,2006
LCA,0,2002
LCA,0,2003
LCA,0,2004
LCA,0,1990
LCA,0,1991
LCA,0,1992
LCA,0,1993
LCA,0,1994
LCA,0,1995
LCA,0,1996
LCA,0,1997
LCA,0,1998
LCA,0,1999
LCA,0,2000
LCA,0,2001
LCA,0,1989
LCA,0,2005
LCA,0,2006
VCT,0,2002
VCT,0,2003
VCT,0,2004
VCT,0,1990
VCT,0,1991
VCT,0,1992
VCT,0,1993
VCT,0,1994
VCT,0,1995
VCT,0,1996
VCT,0,1997
VCT,0,1998
VCT,0,1999
VCT,0,2000
VCT,0,2001
VCT,0,1989
VCT,0,2005
VCT,0,2006
SRB,0,2002
SRB,0,2003
SRB,0,2004
SRB,0,1990
SRB,0,1991
SRB,0,1992
SRB,0,1993
SRB,0,1994
SRB,0,1995
SRB,0,1996
SRB,0,1997
SRB,0,1998
SRB,0,1999
SRB,0,2000
SRB,0,2001
SRB,0,1989
SRB,0,2005
SRB,0,2006
SYC,0,2002
SYC,0,2003
SYC,0,2004
SYC,0,1990
SYC,0,1991
SYC,0,1992
SYC,0,1993
SYC,0,1994
SYC,0,1995
SYC,0,1996
SYC,0,1997
SYC,0,1998
SYC,0,1999
SYC,0,2000
SYC,0,2001
SYC,0,1989
SYC,0,2005
SYC,0,2006
SUR,0,2002
SUR,0,2003
SUR,0,2004
SUR,0,1990
SUR,0,1991
SUR,0,1992
SUR,0,1993
SUR,0,1994
SUR,0,1995
SUR,0,1996
SUR,0,1997
SUR,0,1998
SUR,0,1999
SUR,0,2000
SUR,0,2001
SUR,0,1989
SUR,0,2005
SUR,0,2006
MKD,0,2002
MKD,0,2003
MKD,0,2004
MKD,0,1990
MKD,0,1991
MKD,0,1992
MKD,0,1993
MKD,0,1994
MKD,0,1995
MKD,0,1996
MKD,0,1997
MKD,0,1998
MKD,0,1999
MKD,0,2000
MKD,0,2001
MKD,0,1989
MKD,0,2005
MKD,0,2006
TUR,0,2002
TUR,0,2003
TUR,0,2004
TUR,0,1990
TUR,0,1991
TUR,0,1992
TUR,0,1993
TUR,0,1994
TUR,0,1995
TUR,0,1996
TUR,0,1997
TUR,0,1998
TUR,0,1999
TUR,0,2000
TUR,0,2001
TUR,0,1989
TUR,0,2005
TUR,0,2006
URY,0,2002
URY,0,2003
URY,0,2004
URY,0,1990
URY,0,1991
URY,0,1992
URY,0,1993
URY,0,1994
URY,0,1995
URY,0,1996
URY,0,1997
URY,0,1998
URY,0,1999
URY,0,2000
URY,0,2001
URY,0,1989
URY,0,2005
URY,0,2006
VEN,0,2002
VEN,0,2003
VEN,0,2004
VEN,0,1990
VEN,0,1991
VEN,0,1992
VEN,0,1993
VEN,0,1994
VEN,0,1995
VEN,0,1996
VEN,0,1997
VEN,0,1998
VEN,0,1999
VEN,0,2000
VEN,0,2001
VEN,0,1989
VEN,0,2005
VEN,0,2006
MNE,0,2002
MNE,0,2003
MNE,0,2004
MNE,0,1990
MNE,0,1991
MNE,0,1992
MNE,0,1993
MNE,0,1994
MNE,0,1995
MNE,0,1996
MNE,0,1997
MNE,0,1998
MNE,0,1999
MNE,0,2000
MNE,0,2001
MNE,0,1989
MNE,0,2005
MNE,0,2006
AND,0,2002
AND,0,2003
AND,0,2004
AND,0,1990
AND,0,1991
AND,0,1992
AND,0,1993
AND,0,1994
AND,0,1995
AND,0,1996
AND,0,1997
AND,0,1998
AND,0,1999
AND,0,2000
AND,0,2001
AND,0,1989
AND,0,2005
AND,0,2006
ATG,0,2002
ATG,0,2003
ATG,0,2004
ATG,0,1990
ATG,0,1991
ATG,0,1992
ATG,0,1993
ATG,0,1994
ATG,0,1995
ATG,0,1996
ATG,0,1997
ATG,0,1998
ATG,0,1999
ATG,0,2000
ATG,0,2001
ATG,0,1989
ATG,0,2005
ATG,0,2006
AUS,0,2002
AUS,0,2003
AUS,0,2004
AUS,0,1990
AUS,0,1991
AUS,0,1992
AUS,0,1993
AUS,0,1994
AUS,0,1995
AUS,0,1996
AUS,0,1997
AUS,0,1998
AUS,0,1999
AUS,0,2000
AUS,0,2001
AUS,0,1989
AUS,0,2005
AUS,0,2006
AUT,0,2002
AUT,0,2003
AUT,0,2004
AUT,0,1990
AUT,0,1991
AUT,0,1992
AUT,0,1993
AUT,0,1994
AUT,0,1995
AUT,0,1996
AUT,0,1997
AUT,0,1998
AUT,0,1999
AUT,0,2000
AUT,0,2001
AUT,0,1989
AUT,0,2005
AUT,0,2006
BHS,0,2002
BHS,0,2003
BHS,0,2004
BHS,0,1990
BHS,0,1991
BHS,0,1992
BHS,0,1993
BHS,0,1994
BHS,0,1995
BHS,0,1996
BHS,0,1997
BHS,0,1998
BHS,0,1999
BHS,0,2000
BHS,0,2001
BHS,0,1989
BHS,0,2005
BHS,0,2006
BHR,0,2002
BHR,0,2003
BHR,0,2004
BHR,0,1990
BHR,0,1991
BHR,0,1992
BHR,0,1993
BHR,0,1994
BHR,0,1995
BHR,0,1996
BHR,0,1997
BHR,0,1998
BHR,0,1999
BHR,0,2000
BHR,0,2001
BHR,0,1989
BHR,0,2005
BHR,0,2006
BRB,0,2002
BRB,0,2003
BRB,0,2004
BRB,0,1990
BRB,0,1991
BRB,0,1992
BRB,0,1993
BRB,0,1994
BRB,0,1995
BRB,0,1996
BRB,0,1997
BRB,0,1998
BRB,0,1999
BRB,0,2000
BRB,0,2001
BRB,0,1989
BRB,0,2005
BRB,0,2006
BEL,0,2002
BEL,0,2003
BEL,0,2004
BEL,0,1990
BEL,0,1991
BEL,0,1992
BEL,0,1993
BEL,0,1994
BEL,0,1995
BEL,0,1996
BEL,0,1997
BEL,0,1998
BEL,0,1999
BEL,0,2000
BEL,0,2001
BEL,0,1989
BEL,0,2005
BEL,0,2006
BRN,0,2002
BRN,0,2003
BRN,0,2004
BRN,0,1990
BRN,0,1991
BRN,0,1992
BRN,0,1993
BRN,0,1994
BRN,0,1995
BRN,0,1996
BRN,0,1997
BRN,0,1998
BRN,0,1999
BRN,0,2000
BRN,0,2001
BRN,0,1989
BRN,0,2005
BRN,0,2006
CAN,0,2002
CAN,0,2003
CAN,0,2004
CAN,0,1990
CAN,0,1991
CAN,0,1992
CAN,0,1993
CAN,0,1994
CAN,0,1995
CAN,0,1996
CAN,0,1997
CAN,0,1998
CAN,0,1999
CAN,0,2000
CAN,0,2001
CAN,0,1989
CAN,0,2005
CAN,0,2006
HRV,0,2002
HRV,0,2003
HRV,0,2004
HRV,0,1990
HRV,0,1991
HRV,0,1992
HRV,0,1993
HRV,0,1994
HRV,0,1995
HRV,0,1996
HRV,0,1997
HRV,0,1998
HRV,0,1999
HRV,0,2000
HRV,0,2001
HRV,0,1989
HRV,0,2005
HRV,0,2006
CYP,0,2002
CYP,0,2003
CYP,0,2004
CYP,0,1990
CYP,0,1991
CYP,0,1992
CYP,0,1993
CYP,0,1994
CYP,0,1995
CYP,0,1996
CYP,0,1997
CYP,0,1998
CYP,0,1999
CYP,0,2000
CYP,0,2001
CYP,0,1989
CYP,0,2005
CYP,0,2006
CZE,0,2002
CZE,0,2003
CZE,0,2004
CZE,0,1990
CZE,0,1991
CZE,0,1992
CZE,0,1993
CZE,0,1994
CZE,0,1995
CZE,0,1996
CZE,0,1997
CZE,0,1998
CZE,0,1999
CZE,0,2000
CZE,0,2001
CZE,0,1989
CZE,0,2005
CZE,0,2006
DNK,0,2002
DNK,0,2003
DNK,0,2004
DNK,0,1990
DNK,0,1991
DNK,0,1992
DNK,0,1993
DNK,0,1994
DNK,0,1995
DNK,0,1996
DNK,0,1997
DNK,0,1998
DNK,0,1999
DNK,0,2000
DNK,0,2001
DNK,0,1989
DNK,0,2005
DNK,0,2006
GNQ,0,2002
GNQ,0,2003
GNQ,0,2004
GNQ,0,1990
GNQ,0,1991
GNQ,0,1992
GNQ,0,1993
GNQ,0,1994
GNQ,0,1995
GNQ,0,1996
GNQ,0,1997
GNQ,0,1998
GNQ,0,1999
GNQ,0,2000
GNQ,0,2001
GNQ,0,1989
GNQ,0,2005
GNQ,0,2006
EST,0,2002
EST,0,2003
EST,0,2004
EST,0,1990
EST,0,1991
EST,0,1992
EST,0,1993
EST,0,1994
EST,0,1995
EST,0,1996
EST,0,1997
EST,0,1998
EST,0,1999
EST,0,2000
EST,0,2001
EST,0,1989
EST,0,2005
EST,0,2006
FIN,0,2002
FIN,0,2003
FIN,0,2004
FIN,0,1990
FIN,0,1991
FIN,0,1992
FIN,0,1993
FIN,0,1994
FIN,0,1995
FIN,0,1996
FIN,0,1997
FIN,0,1998
FIN,0,1999
FIN,0,2000
FIN,0,2001
FIN,0,1989
FIN,0,2005
FIN,0,2006
FRA,0,2002
FRA,0,2003
FRA,0,2004
FRA,0,1990
FRA,0,1991
FRA,0,1992
FRA,0,1994
FRA,0,1995
FRA,0,1996
FRA,0,1998
FRA,0,1999
FRA,0,2000
FRA,0,2001
FRA,0,1989
FRA,0,2005
FRA,0,2006
DEU,0,2002
DEU,0,2003
DEU,0,2004
DEU,0,1990
DEU,0,1991
DEU,0,1992
DEU,0,1993
DEU,0,1994
DEU,0,1995
DEU,0,1996
DEU,0,1997
DEU,0,1998
DEU,0,1999
DEU,0,2000
DEU,0,2001
DEU,0,1989
DEU,0,2005
DEU,0,2006
GRC,0,2002
GRC,0,2003
GRC,0,2004
GRC,0,1990
GRC,0,1991
GRC,0,1992
GRC,0,1993
GRC,0,1994
GRC,0,1995
GRC,0,1996
GRC,0,1997
GRC,0,1998
GRC,0,1999
GRC,0,2000
GRC,0,2001
GRC,0,1989
GRC,0,2005
GRC,0,2006
HUN,0,2002
HUN,0,2003
HUN,0,2004
HUN,0,1990
HUN,0,1991
HUN,0,1992
HUN,0,1993
HUN,0,1994
HUN,0,1995
HUN,0,1996
HUN,0,1997
HUN,0,1998
HUN,0,1999
HUN,0,2000
HUN,0,2001
HUN,0,1989
HUN,0,2005
HUN,0,2006
ISL,0,2002
ISL,0,2003
ISL,0,2004
ISL,0,1990
ISL,0,1991
ISL,0,1992
ISL,0,1993
ISL,0,1994
ISL,0,1995
ISL,0,1996
ISL,0,1997
ISL,0,1998
ISL,0,1999
ISL,0,2000
ISL,0,2001
ISL,0,1989
ISL,0,2005
ISL,0,2006
IRL,0,2002
IRL,0,2003
IRL,0,2004
IRL,0,1990
IRL,0,1991
IRL,0,1992
IRL,0,1993
IRL,0,1994
IRL,0,1995
IRL,0,1996
IRL,0,1997
IRL,0,1998
IRL,0,1999
IRL,0,2000
IRL,0,2001
IRL,0,1989
IRL,0,2005
IRL,0,2006
ISR,0,2002
ISR,0,2003
ISR,0,2004
ISR,0,1990
ISR,0,1991
ISR,0,1992
ISR,0,1993
ISR,0,1994
ISR,0,1995
ISR,0,1996
ISR,0,1997
ISR,0,1998
ISR,0,1999
ISR,0,2000
ISR,0,2001
ISR,0,1989
ISR,0,2005
ISR,0,2006
ITA,0,2002
ITA,0,2003
ITA,0,2004
ITA,0,1990
ITA,0,1991
ITA,0,1992
ITA,0,1993
ITA,0,1994
ITA,0,1995
ITA,0,1996
ITA,0,1997
ITA,0,1998
ITA,0,1999
ITA,0,2000
ITA,0,2001
ITA,0,1989
ITA,0,2005
ITA,0,2006
JPN,0,2002
JPN,0,2003
JPN,0,2004
JPN,0,1990
JPN,0,1991
JPN,0,1992
JPN,0,1993
JPN,0,1994
JPN,0,1995
JPN,0,1996
JPN,0,1997
JPN,0,1998
JPN,0,1999
JPN,0,2000
JPN,0,2001
JPN,0,1989
JPN,0,2005
JPN,0,2006
KWT,0,2002
KWT,0,2003
KWT,0,2004
KWT,0,1990
KWT,0,1991
KWT,0,1992
KWT,0,1993
KWT,0,1994
KWT,0,1995
KWT,0,1996
KWT,0,1997
KWT,0,1998
KWT,0,1999
KWT,0,2000
KWT,0,2001
KWT,0,1989
KWT,0,2005
KWT,0,2006
LUX,0,2002
LUX,0,2003
LUX,0,2004
LUX,0,1990
LUX,0,1991
LUX,0,1992
LUX,0,1993
LUX,0,1994
LUX,0,1995
LUX,0,1996
LUX,0,1997
LUX,0,1998
LUX,0,1999
LUX,0,2000
LUX,0,2001
LUX,0,1989
LUX,0,2005
LUX,0,2006
MLT,0,2002
MLT,0,2003
MLT,0,2004
MLT,0,1990
MLT,0,1991
MLT,0,1992
MLT,0,1993
MLT,0,1994
MLT,0,1995
MLT,0,1996
MLT,0,1997
MLT,0,1998
MLT,0,1999
MLT,0,2000
MLT,0,2001
MLT,0,1989
MLT,0,2005
MLT,0,2006
MCO,0,2002
MCO,0,2003
MCO,0,2004
MCO,0,1990
MCO,0,1991
MCO,0,1992
MCO,0,1993
MCO,0,1994
MCO,0,1995
MCO,0,1996
MCO,0,1997
MCO,0,1998
MCO,0,1999
MCO,0,2000
MCO,0,2001
MCO,0,1989
MCO,0,2005
MCO,0,2006
NLD,0,2002
NLD,0,2003
NLD,0,2004
NLD,0,1990
NLD,0,1991
NLD,0,1992
NLD,0,1993
NLD,0,1994
NLD,0,1995
NLD,0,1996
NLD,0,1997
NLD,0,1998
NLD,0,1999
NLD,0,2000
NLD,0,2001
NLD,0,1989
NLD,0,2005
NLD,0,2006
NZL,0,2002
NZL,0,2003
NZL,0,2004
NZL,0,1990
NZL,0,1991
NZL,0,1992
NZL,0,1993
NZL,0,1994
NZL,0,1995
NZL,0,1996
NZL,0,1997
NZL,0,1998
NZL,0,1999
NZL,0,2000
NZL,0,2001
NZL,0,1989
NZL,0,2005
NZL,0,2006
NOR,0,2002
NOR,0,2003
NOR,0,2004
NOR,0,1990
NOR,0,1991
NOR,0,1992
NOR,0,1993
NOR,0,1994
NOR,0,1995
NOR,0,1996
NOR,0,1997
NOR,0,1998
NOR,0,1999
NOR,0,2000
NOR,0,2001
NOR,0,1989
NOR,0,2005
NOR,0,2006
OMN,0,2002
OMN,0,2003
OMN,0,2004
OMN,0,1990
OMN,0,1991
OMN,0,1992
OMN,0,1993
OMN,0,1994
OMN,0,1995
OMN,0,1996
OMN,0,1997
OMN,0,1998
OMN,0,1999
OMN,0,2000
OMN,0,2001
OMN,0,1989
OMN,0,2005
OMN,0,2006
PRT,0,2002
PRT,0,2003
PRT,0,2004
PRT,0,1990
PRT,0,1991
PRT,0,1992
PRT,0,1993
PRT,0,1994
PRT,0,1995
PRT,0,1996
PRT,0,1997
PRT,0,1998
PRT,0,1999
PRT,0,2000
PRT,0,2001
PRT,0,1989
PRT,0,2005
PRT,0,2006
QAT,0,2002
QAT,0,2003
QAT,0,2004
QAT,0,1990
QAT,0,1991
QAT,0,1992
QAT,0,1993
QAT,0,1994
QAT,0,1995
QAT,0,1996
QAT,0,1997
QAT,0,1998
QAT,0,1999
QAT,0,2000
QAT,0,2001
QAT,0,1989
QAT,0,2005
QAT,0,2006
KOR,0,2002
KOR,0,2003
KOR,0,2004
KOR,0,1990
KOR,0,1991
KOR,0,1992
KOR,0,1993
KOR,0,1994
KOR,0,1995
KOR,0,1996
KOR,0,1997
KOR,0,1998
KOR,0,1999
KOR,0,2000
KOR,0,2001
KOR,0,1989
KOR,0,2005
KOR,0,2006
SMR,0,2002
SMR,0,2003
SMR,0,2004
SMR,0,1990
SMR,0,1991
SMR,0,1992
SMR,0,1993
SMR,0,1994
SMR,0,1995
SMR,0,1996
SMR,0,1997
SMR,0,1998
SMR,0,1999
SMR,0,2000
SMR,0,2001
SMR,0,1989
SMR,0,2005
SMR,0,2006
SAU,0,2002
SAU,0,2003
SAU,0,2004
SAU,0,1991
SAU,0,1992
SAU,0,1993
SAU,0,1994
SAU,0,1995
SAU,0,1996
SAU,0,1997
SAU,0,1998
SAU,0,1999
SAU,0,2000
SAU,0,2001
SAU,0,1989
SAU,0,2005
SAU,0,2006
SGP,0,2002
SGP,0,2003
SGP,0,2004
SGP,0,1990
SGP,0,1991
SGP,0,1992
SGP,0,1993
SGP,0,1994
SGP,0,1995
SGP,0,1996
SGP,0,1997
SGP,0,1998
SGP,0,1999
SGP,0,2000
SGP,0,2001
SGP,0,1989
SGP,0,2005
SGP,0,2006
SVK,0,2002
SVK,0,2003
SVK,0,2004
SVK,0,1990
SVK,0,1991
SVK,0,1992
SVK,0,1993
SVK,0,1994
SVK,0,1995
SVK,0,1996
SVK,0,1997
SVK,0,1998
SVK,0,1999
SVK,0,2000
SVK,0,2001
SVK,0,1989
SVK,0,2005
SVK,0,2006
SVN,0,2002
SVN,0,2003
SVN,0,2004
SVN,0,1990
SVN,0,1991
SVN,0,1992
SVN,0,1993
SVN,0,1994
SVN,0,1995
SVN,0,1996
SVN,0,1997
SVN,0,1998
SVN,0,1999
SVN,0,2000
SVN,0,2001
SVN,0,1989
SVN,0,2005
SVN,0,2006
ESP,0,2002
ESP,0,2003
ESP,0,2004
ESP,0,1990
ESP,0,1991
ESP,0,1992
ESP,0,1993
ESP,0,1994
ESP,0,1995
ESP,0,1996
ESP,0,1997
ESP,0,1998
ESP,0,1999
ESP,0,2000
ESP,0,2001
ESP,0,1989
ESP,0,2005
ESP,0,2006
SWE,0,2002
SWE,0,2003
SWE,0,2004
SWE,0,1990
SWE,0,1991
SWE,0,1992
SWE,0,1993
SWE,0,1994
SWE,0,1995
SWE,0,1996
SWE,0,1997
SWE,0,1998
SWE,0,1999
SWE,0,2000
SWE,0,2001
SWE,0,1989
SWE,0,2005
SWE,0,2006
CHE,0,2002
CHE,0,2003
CHE,0,2004
CHE,0,1990
CHE,0,1991
CHE,0,1992
CHE,0,1993
CHE,0,1994
CHE,0,1995
CHE,0,1996
CHE,0,1997
CHE,0,1998
CHE,0,1999
CHE,0,2000
CHE,0,2001
CHE,0,1989
CHE,0,2005
CHE,0,2006
TTO,0,2002
TTO,0,2003
TTO,0,2004
TTO,0,1990
TTO,0,1991
TTO,0,1992
TTO,0,1993
TTO,0,1994
TTO,0,1995
TTO,0,1996
TTO,0,1997
TTO,0,1998
TTO,0,1999
TTO,0,2000
TTO,0,2001
TTO,0,1989
TTO,0,2005
TTO,0,2006
ARE,0,2002
ARE,0,2003
ARE,0,2004
ARE,0,1990
ARE,0,1991
ARE,0,1992
ARE,0,1993
ARE,0,1994
ARE,0,1995
ARE,0,1996
ARE,0,1997
ARE,0,1998
ARE,0,1999
ARE,0,2000
ARE,0,2001
ARE,0,1989
ARE,0,2005
ARE,0,2006
GBR,0,2002
GBR,0,2003
GBR,0,2004
GBR,0,1990
GBR,0,1991
GBR,0,1992
GBR,0,1993
GBR,0,1994
GBR,0,1995
GBR,0,1996
GBR,0,1997
GBR,0,1998
GBR,0,1999
GBR,0,2000
GBR,0,2001
GBR,0,1989
GBR,0,2005
GBR,0,2006
USA,0,2002
USA,0,2003
USA,0,2004
USA,0,1990
USA,0,1991
USA,0,1992
USA,0,1993
USA,0,1994
USA,0,1995
USA,0,1996
USA,0,1997
USA,0,1998
USA,0,1999
USA,0,2000
USA,0,2001
USA,0,1989
USA,0,2005
USA,0,2006
COK,0,2002
COK,0,2003
COK,0,2004
COK,0,1990
COK,0,1991
COK,0,1992
COK,0,1993
COK,0,1994
COK,0,1995
COK,0,1996
COK,0,1997
COK,0,1998
COK,0,1999
COK,0,2000
COK,0,2001
COK,0,1989
COK,0,2005
COK,0,2006
TUV,0,2002
TUV,0,2003
TUV,0,2004
TUV,0,1990
TUV,0,1991
TUV,0,1992
TUV,0,1993
TUV,0,1994
TUV,0,1995
TUV,0,1996
TUV,0,1997
TUV,0,1998
TUV,0,1999
TUV,0,2000
TUV,0,2001
TUV,0,1989
TUV,0,2005
TUV,0,2006
NRU,0,2002
NRU,0,2003
NRU,0,2004
NRU,0,1990
NRU,0,1991
NRU,0,1992
NRU,0,1993
NRU,0,1994
NRU,0,1995
NRU,0,1996
NRU,0,1997
NRU,0,1998
NRU,0,1999
NRU,0,2000
NRU,0,2001
NRU,0,1989
NRU,0,2005
NRU,0,2006
NIU,0,2002
NIU,0,2003
NIU,0,2004
NIU,0,1990
NIU,0,1991
NIU,0,1992
NIU,0,1993
NIU,0,1994
NIU,0,1995
NIU,0,1996
NIU,0,1997
NIU,0,1998
NIU,0,1999
NIU,0,2000
NIU,0,2001
NIU,0,1989
NIU,0,2005
NIU,0,2006
AFG,0,2007
AFG,0,2008
ALB,0,2007
ALB,0,2008
DZA,0,2007
DZA,0,2008
AND,0,2007
AND,0,2008
ATG,0,2007
ATG,0,2008
ARG,0,2007
ARG,0,2008
ARM,0,2007
ARM,0,2008
AUS,0,2007
AUS,0,2008
AUT,0,2007
AUT,0,2008
AZE,0,2007
AZE,0,2008
BHS,0,2007
BHS,0,2008
BHR,0,2007
BHR,0,2008
BGD,0,2007
BGD,0,2008
BRB,0,2007
BRB,0,2008
BLR,0,2007
BLR,0,2008
BEL,0,2007
BEL,0,2008
BLZ,0,2007
BLZ,0,2008
BEN,0,2007
BEN,0,2008
BTN,0,2007
BTN,0,2008
BOL,0,2007
BOL,0,2008
BWA,0,2007
BWA,0,2008
BRA,0,2007
BRA,0,2008
BRN,0,2007
BRN,0,2008
BGR,0,2007
BGR,0,2008
BFA,3,2007
BFA,1,2008
BDI,0,2007
BDI,0,2008
KHM,0,2007
KHM,0,2008
CMR,0,2007
CMR,0,2008
CAN,0,2007
CAN,0,2008
CPV,0,2007
CPV,0,2008
CAF,0,2007
CAF,0,2008
TCD,0,2007
TCD,0,2008
CHL,0,2007
CHL,0,2008
CHN,0,2007
CHN,0,2008
COL,0,2007
COL,0,2008
COM,0,2007
COM,0,2008
COG,0,2007
COG,0,2008
COK,0,2007
COK,0,2008
CRI,0,2007
CRI,0,2008
HRV,0,2007
HRV,0,2008
CUB,0,2007
CUB,0,2008
CYP,0,2007
CYP,0,2008
CZE,0,2007
CZE,0,2008
CIV,0,2007
CIV,0,2008
PRK,0,2007
PRK,0,2008
COD,0,2007
COD,0,2008
DNK,0,2007
DNK,0,2008
DJI,0,2007
DJI,0,2008
DMA,0,2007
DMA,0,2008
DOM,0,2007
DOM,0,2008
ECU,0,2007
ECU,0,2008
EGY,0,2007
EGY,0,2008
SLV,0,2007
SLV,0,2008
GNQ,0,2007
GNQ,0,2008
EST,0,2007
EST,0,2008
ETH,3,2007
ETH,41,2008
FJI,0,2007
FJI,0,2008
FIN,0,2007
FIN,0,2008
FRA,0,2007
FRA,0,2008
GAB,0,2007
GAB,0,2008
GMB,0,2007
GMB,0,2008
GEO,0,2007
GEO,0,2008
DEU,0,2007
DEU,0,2008
GHA,3358,2007
GHA,501,2008
GRC,0,2007
GRC,0,2008
GRD,0,2007
GRD,0,2008
GTM,0,2007
GTM,0,2008
GIN,0,2007
GIN,0,2008
GNB,0,2007
GNB,0,2008
GUY,0,2007
GUY,0,2008
HTI,0,2007
HTI,0,2008
HND,0,2007
HND,0,2008
HUN,0,2007
HUN,0,2008
ISL,0,2007
ISL,0,2008
IND,0,2007
IND,0,2008
IDN,0,2007
IDN,0,2008
IRN,0,2007
IRN,0,2008
IRQ,0,2007
IRQ,0,2008
IRL,0,2007
IRL,0,2008
ISR,0,2007
ISR,0,2008
ITA,0,2007
ITA,0,2008
JAM,0,2007
JAM,0,2008
JPN,0,2007
JPN,0,2008
JOR,0,2007
JOR,0,2008
KAZ,0,2007
KAZ,0,2008
KEN,0,2007
KEN,0,2008
KIR,0,2007
KIR,0,2008
KWT,0,2007
KWT,0,2008
KGZ,0,2007
KGZ,0,2008
LAO,0,2007
LAO,0,2008
LVA,0,2007
LVA,0,2008
LBN,0,2007
LBN,0,2008
LSO,0,2007
LSO,0,2008
LBR,0,2007
LBR,0,2008
LBY,0,2007
LBY,0,2008
LTU,0,2007
LTU,0,2008
LUX,0,2007
LUX,0,2008
MDG,0,2007
MDG,0,2008
MWI,0,2007
MWI,0,2008
MYS,0,2007
MYS,0,2008
MDV,0,2007
MDV,0,2008
MLI,313,2007
MLI,417,2008
MLT,0,2007
MLT,0,2008
MHL,0,2007
MHL,0,2008
MRT,0,2007
MRT,0,2008
MUS,0,2007
MUS,0,2008
MEX,0,2007
MEX,0,2008
FSM,0,2007
FSM,0,2008
MCO,0,2007
MCO,0,2008
MNG,0,2007
MNG,0,2008
MAR,0,2007
MAR,0,2008
MOZ,0,2007
MOZ,0,2008
MMR,0,2007
MMR,0,2008
NAM,0,2007
NAM,0,2008
NRU,0,2007
NRU,0,2008
NPL,0,2007
NPL,0,2008
NLD,0,2007
NLD,0,2008
NZL,0,2007
NZL,0,2008
NIC,0,2007
NIC,0,2008
NER,14,2007
NER,3,2008
NGA,73,2007
NGA,38,2008
NIU,0,2007
NIU,0,2008
NOR,0,2007
NOR,0,2008
OMN,0,2007
OMN,0,2008
PAK,0,2007
PAK,0,2008
PLW,0,2007
PLW,0,2008
PAN,0,2007
PAN,0,2008
PNG,0,2007
PNG,0,2008
PRY,0,2007
PRY,0,2008
PER,0,2007
PER,0,2008
PHL,0,2007
PHL,0,2008
POL,0,2007
POL,0,2008
PRT,0,2007
PRT,0,2008
QAT,0,2007
QAT,0,2008
KOR,0,2007
KOR,0,2008
MDA,0,2007
MDA,0,2008
ROU,0,2007
ROU,0,2008
RUS,0,2007
RUS,0,2008
RWA,0,2007
RWA,0,2008
KNA,0,2007
KNA,0,2008
LCA,0,2007
LCA,0,2008
VCT,0,2007
VCT,0,2008
WSM,0,2007
WSM,0,2008
SMR,0,2007
SMR,0,2008
STP,0,2007
STP,0,2008
SAU,0,2007
SAU,0,2008
SEN,0,2007
SEN,0,2008
SRB,0,2007
SRB,0,2008
SYC,0,2007
SYC,0,2008
SLE,0,2007
SLE,0,2008
SGP,0,2007
SGP,0,2008
SVK,0,2007
SVK,0,2008
SVN,0,2007
SVN,0,2008
SLB,0,2007
SLB,0,2008
ESP,0,2007
ESP,0,2008
LKA,0,2007
LKA,0,2008
SDN,5815,2007
SDN,3618,2008
SUR,0,2007
SUR,0,2008
SWZ,0,2007
SWZ,0,2008
SWE,0,2007
SWE,0,2008
CHE,0,2007
CHE,0,2008
SYR,0,2007
SYR,0,2008
TJK,0,2007
TJK,0,2008
THA,0,2007
THA,0,2008
MKD,0,2007
MKD,0,2008
TLS,0,2007
TLS,0,2008
TGO,2,2007
TGO,0,2008
TON,0,2007
TON,0,2008
TTO,0,2007
TTO,0,2008
TUN,0,2007
TUN,0,2008
TUR,0,2007
TUR,0,2008
TKM,0,2007
TKM,0,2008
TUV,0,2007
TUV,0,2008
UGA,4,2007
UGA,0,2008
UKR,0,2007
UKR,0,2008
ARE,0,2007
ARE,0,2008
GBR,0,2007
GBR,0,2008
TZA,0,2007
TZA,0,2008
USA,0,2007
USA,0,2008
URY,0,2007
URY,0,2008
UZB,0,2007
UZB,0,2008
VUT,0,2007
VUT,0,2008
VEN,0,2007
VEN,0,2008
VNM,0,2007
VNM,0,2008
YEM,0,2007
YEM,0,2008
ZMB,0,2007
ZMB,0,2008
ZWE,0,2007
ZWE,0,2008
MNE,0,2007
MNE,0,2008
AFG,0,2009
ALB,0,2009
DZA,0,2009
AND,0,2009
ATG,0,2009
ARG,0,2009
ARM,0,2009
AUS,0,2009
AUT,0,2009
AZE,0,2009
BHS,0,2009
BHR,0,2009
BGD,0,2009
BRB,0,2009
BLR,0,2009
BEL,0,2009
BLZ,0,2009
BEN,0,2009
BTN,0,2009
BOL,0,2009
BWA,0,2009
BRA,0,2009
BRN,0,2009
BGR,0,2009
BFA,0,2009
BDI,0,2009
KHM,0,2009
CMR,0,2009
CAN,0,2009
CPV,0,2009
CAF,0,2009
TCD,0,2009
CHL,0,2009
CHN,0,2009
COL,0,2009
COM,0,2009
COG,0,2009
COK,0,2009
CRI,0,2009
HRV,0,2009
CUB,0,2009
CYP,0,2009
CZE,0,2009
PRK,0,2009
COD,0,2009
DNK,0,2009
DJI,0,2009
DMA,0,2009
DOM,0,2009
ECU,0,2009
EGY,0,2009
SLV,0,2009
GNQ,0,2009
EST,0,2009
ETH,24,2009
FJI,0,2009
FIN,0,2009
FRA,0,2009
GAB,0,2009
GMB,0,2009
GEO,0,2009
DEU,0,2009
GHA,242,2009
GRC,0,2009
GRD,0,2009
GTM,0,2009
GIN,0,2009
GNB,0,2009
GUY,0,2009
HTI,0,2009
HND,0,2009
HUN,0,2009
ISL,0,2009
IND,0,2009
IDN,0,2009
IRN,0,2009
IRQ,0,2009
IRL,0,2009
ISR,0,2009
ITA,0,2009
JAM,0,2009
JPN,0,2009
JOR,0,2009
KAZ,0,2009
KEN,0,2009
KIR,0,2009
KWT,0,2009
KGZ,0,2009
LAO,0,2009
LVA,0,2009
LBN,0,2009
LSO,0,2009
LBR,0,2009
LBY,0,2009
LTU,0,2009
LUX,0,2009
MDG,0,2009
MWI,0,2009
MYS,0,2009
MDV,0,2009
MLI,186,2009
MLT,0,2009
MHL,0,2009
MRT,0,2009
MUS,0,2009
MEX,0,2009
FSM,0,2009
MCO,0,2009
MNG,0,2009
MAR,0,2009
MOZ,0,2009
MMR,0,2009
NAM,0,2009
NRU,0,2009
NPL,0,2009
NLD,0,2009
NZL,0,2009
NIC,0,2009
NER,5,2009
NGA,0,2009
NIU,0,2009
NOR,0,2009
OMN,0,2009
PAK,0,2009
PLW,0,2009
PAN,0,2009
PNG,0,2009
PRY,0,2009
PER,0,2009
PHL,0,2009
POL,0,2009
PRT,0,2009
QAT,0,2009
KOR,0,2009
MDA,0,2009
ROU,0,2009
RUS,0,2009
RWA,0,2009
KNA,0,2009
LCA,0,2009
VCT,0,2009
WSM,0,2009
SMR,0,2009
STP,0,2009
SAU,0,2009
SEN,0,2009
SRB,0,2009
SYC,0,2009
SLE,0,2009
SGP,0,2009
SVK,0,2009
SVN,0,2009
SLB,0,2009
ESP,0,2009
LKA,0,2009
SDN,2733,2009
SUR,0,2009
SWZ,0,2009
SWE,0,2009
CHE,0,2009
SYR,0,2009
TJK,0,2009
THA,0,2009
MKD,0,2009
TLS,0,2009
TGO,0,2009
TON,0,2009
TTO,0,2009
TUN,0,2009
TUR,0,2009
TKM,0,2009
TUV,0,2009
UGA,0,2009
UKR,0,2009
ARE,0,2009
GBR,0,2009
TZA,0,2009
USA,0,2009
URY,0,2009
UZB,0,2009
VUT,0,2009
VEN,0,2009
VNM,0,2009
YEM,0,2009
ZMB,0,2009
ZWE,0,2009
MNE,0,2009
CIV,0,2009
AFG,0,2010
ALB,0,2010
DZA,0,2010
AND,0,2010
ATG,0,2010
ARG,0,2010
ARM,0,2010
AUS,0,2010
AUT,0,2010
AZE,0,2010
BHS,0,2010
BHR,0,2010
BGD,0,2010
BRB,0,2010
BLR,0,2010
BEL,0,2010
BLZ,0,2010
BEN,0,2010
BTN,0,2010
BOL,0,2010
BWA,0,2010
BRA,0,2010
BRN,0,2010
BGR,0,2010
BFA,0,2010
BDI,0,2010
KHM,0,2010
CMR,0,2010
CAN,0,2010
CPV,0,2010
CAF,0,2010
TCD,10,2010
CHL,0,2010
CHN,0,2010
COL,0,2010
COM,0,2010
COG,0,2010
COK,0,2010
CRI,0,2010
HRV,0,2010
CUB,0,2010
CYP,0,2010
CZE,0,2010
PRK,0,2010
COD,0,2010
DNK,0,2010
DJI,0,2010
DMA,0,2010
DOM,0,2010
ECU,0,2010
EGY,0,2010
SLV,0,2010
GNQ,0,2010
EST,0,2010
ETH,21,2010
FJI,0,2010
FIN,0,2010
FRA,0,2010
GAB,0,2010
GMB,0,2010
GEO,0,2010
DEU,0,2010
GHA,8,2010
GRC,0,2010
GRD,0,2010
GTM,0,2010
GIN,0,2010
GNB,0,2010
GUY,0,2010
HTI,0,2010
HND,0,2010
HUN,0,2010
ISL,0,2010
IND,0,2010
IDN,0,2010
IRN,0,2010
IRQ,0,2010
IRL,0,2010
ISR,0,2010
ITA,0,2010
JAM,0,2010
JPN,0,2010
JOR,0,2010
KAZ,0,2010
KEN,0,2010
KIR,0,2010
KWT,0,2010
KGZ,0,2010
LAO,0,2010
LVA,0,2010
LBN,0,2010
LSO,0,2010
LBR,0,2010
LBY,0,2010
LTU,0,2010
LUX,0,2010
MDG,0,2010
MWI,0,2010
MYS,0,2010
MDV,0,2010
MLI,57,2010
MLT,0,2010
MHL,0,2010
MRT,0,2010
MUS,0,2010
MEX,0,2010
FSM,0,2010
MCO,0,2010
MNG,0,2010
MAR,0,2010
MOZ,0,2010
MMR,0,2010
NAM,0,2010
NRU,0,2010
NPL,0,2010
NLD,0,2010
NZL,0,2010
NIC,0,2010
NER,3,2010
NGA,0,2010
NIU,0,2010
NOR,0,2010
OMN,0,2010
PAK,0,2010
PLW,0,2010
PAN,0,2010
PNG,0,2010
PRY,0,2010
PER,0,2010
PHL,0,2010
POL,0,2010
PRT,0,2010
QAT,0,2010
KOR,0,2010
MDA,0,2010
ROU,0,2010
RUS,0,2010
RWA,0,2010
KNA,0,2010
LCA,0,2010
VCT,0,2010
WSM,0,2010
SMR,0,2010
STP,0,2010
SAU,0,2010
SEN,0,2010
SRB,0,2010
SYC,0,2010
SLE,0,2010
SGP,0,2010
SVK,0,2010
SVN,0,2010
SLB,0,2010
ESP,0,2010
LKA,0,2010
SDN,1698,2010
SUR,0,2010
SWZ,0,2010
SWE,0,2010
CHE,0,2010
SYR,0,2010
TJK,0,2010
THA,0,2010
MKD,0,2010
TLS,0,2010
TGO,0,2010
TON,0,2010
TTO,0,2010
TUN,0,2010
TUR,0,2010
TKM,0,2010
TUV,0,2010
UGA,0,2010
UKR,0,2010
ARE,0,2010
GBR,0,2010
TZA,0,2010
USA,0,2010
URY,0,2010
UZB,0,2010
VUT,0,2010
VEN,0,2010
VNM,0,2010
YEM,0,2010
ZMB,0,2010
ZWE,0,2010
MNE,0,2010
CIV,0,2010
ABW,0,2011
ABW,0,2012
ABW,0,2013
ABW,0,2014
AFG,0,2011
AFG,0,2012
AFG,0,2013
AFG,0,2014
AGO,0,2011
AGO,0,2012
AGO,0,2013
AGO,0,2014
AIA,0,2011
AIA,0,2012
AIA,0,2013
AIA,0,2014
ALB,0,2011
ALB,0,2012
ALB,0,2013
ALB,0,2014
AND,0,2011
AND,0,2012
AND,0,2013
AND,0,2014
ARE,0,2011
ARE,0,2012
ARE,0,2013
ARE,0,2014
ARG,0,2011
ARG,0,2012
ARG,0,2013
ARG,0,2014
ARM,0,2011
ARM,0,2012
ARM,0,2013
ARM,0,2014
ASM,0,2011
ASM,0,2012
ASM,0,2013
ASM,0,2014
ATG,0,2011
ATG,0,2012
ATG,0,2013
ATG,0,2014
AUS,0,2011
AUS,0,2012
AUS,0,2013
AUS,0,2014
AUT,0,2011
AUT,0,2012
AUT,0,2013
AUT,0,2014
AZE,0,2011
AZE,0,2012
AZE,0,2013
AZE,0,2014
BDI,0,2011
BDI,0,2012
BDI,0,2013
BDI,0,2014
BEL,0,2011
BEL,0,2012
BEL,0,2013
BEL,0,2014
BEN,0,2011
BEN,0,2012
BEN,0,2013
BEN,0,2014
BFA,0,2011
BFA,0,2012
BFA,0,2013
BFA,0,2014
BGD,0,2011
BGD,0,2012
BGD,0,2013
BGD,0,2014
BGR,0,2011
BGR,0,2012
BGR,0,2013
BGR,0,2014
BHR,0,2011
BHR,0,2012
BHR,0,2013
BHR,0,2014
BHS,0,2011
BHS,0,2012
BHS,0,2013
BHS,0,2014
BIH,0,2011
BIH,0,2012
BIH,0,2013
BIH,0,2014
BLR,0,2011
BLR,0,2012
BLR,0,2013
BLR,0,2014
BLZ,0,2011
BLZ,0,2012
BLZ,0,2013
BLZ,0,2014
BMU,0,2011
BMU,0,2012
BMU,0,2013
BMU,0,2014
BOL,0,2011
BOL,0,2012
BOL,0,2013
BOL,0,2014
BRA,0,2011
BRA,0,2012
BRA,0,2013
BRA,0,2014
BRB,0,2011
BRB,0,2012
BRB,0,2013
BRB,0,2014
BRN,0,2011
BRN,0,2012
BRN,0,2013
BRN,0,2014
BTN,0,2011
BTN,0,2012
BTN,0,2013
BTN,0,2014
BWA,0,2011
BWA,0,2012
BWA,0,2013
BWA,0,2014
CAF,0,2011
CAF,0,2012
CAF,0,2013
CAF,0,2014
CAN,0,2011
CAN,0,2012
CAN,0,2013
CAN,0,2014
CHE,0,2011
CHE,0,2012
CHE,0,2013
CHE,0,2014
CHI,0,2011
CHI,0,2012
CHI,0,2013
CHI,0,2014
CHL,0,2011
CHL,0,2012
CHL,0,2013
CHL,0,2014
CHN,0,2011
CHN,0,2012
CHN,0,2013
CHN,0,2014
CIV,0,2011
CIV,0,2012
CIV,0,2013
CIV,0,2014
CMR,0,2011
CMR,0,2012
CMR,0,2013
CMR,0,2014
COD,0,2011
COD,0,2012
COD,0,2013
COD,0,2014
COG,0,2011
COG,0,2012
COG,0,2013
COG,0,2014
COK,0,2011
COK,0,2012
COK,0,2013
COK,0,2014
COL,0,2011
COL,0,2012
COL,0,2013
COL,0,2014
COM,0,2011
COM,0,2012
COM,0,2013
COM,0,2014
CPV,0,2011
CPV,0,2012
CPV,0,2013
CPV,0,2014
CRI,0,2011
CRI,0,2012
CRI,0,2013
CRI,0,2014
CUB,0,2011
CUB,0,2012
CUB,0,2013
CUB,0,2014
CUW,0,2011
CUW,0,2012
CUW,0,2013
CUW,0,2014
CYM,0,2011
CYM,0,2012
CYM,0,2013
CYM,0,2014
CYP,0,2011
CYP,0,2012
CYP,0,2013
CYP,0,2014
CZE,0,2011
CZE,0,2012
CZE,0,2013
CZE,0,2014
DEU,0,2011
DEU,0,2012
DEU,0,2013
DEU,0,2014
DJI,0,2011
DJI,0,2012
DJI,0,2013
DJI,0,2014
DMA,0,2011
DMA,0,2012
DMA,0,2013
DMA,0,2014
DNK,0,2011
DNK,0,2012
DNK,0,2013
DNK,0,2014
DOM,0,2011
DOM,0,2012
DOM,0,2013
DOM,0,2014
DZA,0,2011
DZA,0,2012
DZA,0,2013
DZA,0,2014
ECU,0,2011
ECU,0,2012
ECU,0,2013
ECU,0,2014
EGY,0,2011
EGY,0,2012
EGY,0,2013
EGY,0,2014
ERI,0,2011
ERI,0,2012
ERI,0,2013
ERI,0,2014
ESP,0,2011
ESP,0,2012
ESP,0,2013
ESP,0,2014
EST,0,2011
EST,0,2012
EST,0,2013
EST,0,2014
ETH,8,2011
ETH,4,2012
ETH,7,2013
ETH,3,2014
FIN,0,2011
FIN,0,2012
FIN,0,2013
FIN,0,2014
FJI,0,2011
FJI,0,2012
FJI,0,2013
FJI,0,2014
FLK,0,2011
FLK,0,2012
FLK,0,2013
FLK,0,2014
FRA,0,2011
FRA,0,2012
FRA,0,2013
FRA,0,2014
FRO,0,2011
FRO,0,2012
FRO,0,2013
FRO,0,2014
FSM,0,2011
FSM,0,2012
FSM,0,2013
FSM,0,2014
GAB,0,2011
GAB,0,2012
GAB,0,2013
GAB,0,2014
GBR,0,2011
GBR,0,2012
GBR,0,2013
GBR,0,2014
GEO,0,2011
GEO,0,2012
GEO,0,2013
GEO,0,2014
GHA,0,2011
GHA,0,2012
GHA,0,2013
GHA,0,2014
GIB,0,2011
GIB,0,2012
GIB,0,2013
GIB,0,2014
GIN,0,2011
GIN,0,2012
GIN,0,2013
GIN,0,2014
GLP,0,2011
GLP,0,2012
GLP,0,2013
GLP,0,2014
GMB,0,2011
GMB,0,2012
GMB,0,2013
GMB,0,2014
GNB,0,2011
GNB,0,2012
GNB,0,2013
GNB,0,2014
GNQ,0,2011
GNQ,0,2012
GNQ,0,2013
GNQ,0,2014
GRC,0,2011
GRC,0,2012
GRC,0,2013
GRC,0,2014
GRD,0,2011
GRD,0,2012
GRD,0,2013
GRD,0,2014
GRL,0,2011
GRL,0,2012
GRL,0,2013
GRL,0,2014
GTM,0,2011
GTM,0,2012
GTM,0,2013
GTM,0,2014
GUF,0,2011
GUF,0,2012
GUF,0,2013
GUF,0,2014
GUM,0,2011
GUM,0,2012
GUM,0,2013
GUM,0,2014
GUY,0,2011
GUY,0,2012
GUY,0,2013
GUY,0,2014
HKG,0,2011
HKG,0,2012
HKG,0,2013
HKG,0,2014
HND,0,2011
HND,0,2012
HND,0,2013
HND,0,2014
HRV,0,2011
HRV,0,2012
HRV,0,2013
HRV,0,2014
HTI,0,2011
HTI,0,2012
HTI,0,2013
HTI,0,2014
HUN,0,2011
HUN,0,2012
HUN,0,2013
HUN,0,2014
IDN,0,2011
IDN,0,2012
IDN,0,2013
IDN,0,2014
IMN,0,2011
IMN,0,2012
IMN,0,2013
IMN,0,2014
IND,0,2011
IND,0,2012
IND,0,2013
IND,0,2014
IRL,0,2011
IRL,0,2012
IRL,0,2013
IRL,0,2014
IRN,0,2011
IRN,0,2012
IRN,0,2013
IRN,0,2014
IRQ,0,2011
IRQ,0,2012
IRQ,0,2013
IRQ,0,2014
ISL,0,2011
ISL,0,2012
ISL,0,2013
ISL,0,2014
ISR,0,2011
ISR,0,2012
ISR,0,2013
ISR,0,2014
ITA,0,2011
ITA,0,2012
ITA,0,2013
ITA,0,2014
JAM,0,2011
JAM,0,2012
JAM,0,2013
JAM,0,2014
JOR,0,2011
JOR,0,2012
JOR,0,2013
JOR,0,2014
JPN,0,2011
JPN,0,2012
JPN,0,2013
JPN,0,2014
KAZ,0,2011
KAZ,0,2012
KAZ,0,2013
KAZ,0,2014
KEN,0,2011
KEN,0,2012
KEN,0,2013
KEN,0,2014
KGZ,0,2011
KGZ,0,2012
KGZ,0,2013
KGZ,0,2014
KHM,0,2011
KHM,0,2012
KHM,0,2013
KHM,0,2014
KIR,0,2011
KIR,0,2012
KIR,0,2013
KIR,0,2014
KNA,0,2011
KNA,0,2012
KNA,0,2013
KNA,0,2014
KOR,0,2011
KOR,0,2012
KOR,0,2013
KOR,0,2014
KWT,0,2011
KWT,0,2012
KWT,0,2013
KWT,0,2014
LAO,0,2011
LAO,0,2012
LAO,0,2013
LAO,0,2014
LBN,0,2011
LBN,0,2012
LBN,0,2013
LBN,0,2014
LBR,0,2011
LBR,0,2012
LBR,0,2013
LBR,0,2014
LBY,0,2011
LBY,0,2012
LBY,0,2013
LBY,0,2014
LCA,0,2011
LCA,0,2012
LCA,0,2013
LCA,0,2014
LIE,0,2011
LIE,0,2012
LIE,0,2013
LIE,0,2014
LKA,0,2011
LKA,0,2012
LKA,0,2013
LKA,0,2014
LSO,0,2011
LSO,0,2012
LSO,0,2013
LSO,0,2014
LTU,0,2011
LTU,0,2012
LTU,0,2013
LTU,0,2014
LUX,0,2011
LUX,0,2012
LUX,0,2013
LUX,0,2014
LVA,0,2011
LVA,0,2012
LVA,0,2013
LVA,0,2014
MAC,0,2011
MAC,0,2012
MAC,0,2013
MAC,0,2014
MAR,0,2011
MAR,0,2012
MAR,0,2013
MAR,0,2014
MCO,0,2011
MCO,0,2012
MCO,0,2013
MCO,0,2014
MDA,0,2011
MDA,0,2012
MDA,0,2013
MDA,0,2014
MDG,0,2011
MDG,0,2012
MDG,0,2013
MDG,0,2014
MDV,0,2011
MDV,0,2012
MDV,0,2013
MDV,0,2014
ME1,0,2011
ME1,0,2012
ME1,0,2013
ME1,0,2014
MEX,0,2011
MEX,0,2012
MEX,0,2013
MEX,0,2014
MHL,0,2011
MHL,0,2012
MHL,0,2013
MHL,0,2014
MKD,0,2011
MKD,0,2012
MKD,0,2013
MKD,0,2014
MLI,12,2011
MLI,4,2012
MLI,11,2013
MLI,40,2014
MLT,0,2011
MLT,0,2012
MLT,0,2013
MLT,0,2014
MMR,0,2011
MMR,0,2012
MMR,0,2013
MMR,0,2014
MNE,0,2011
MNE,0,2012
MNE,0,2013
MNE,0,2014
MNG,0,2011
MNG,0,2012
MNG,0,2013
MNG,0,2014
MNP,0,2011
MNP,0,2012
MNP,0,2013
MNP,0,2014
MOZ,0,2011
MOZ,0,2012
MOZ,0,2013
MOZ,0,2014
MRT,0,2011
MRT,0,2012
MRT,0,2013
MRT,0,2014
MTQ,0,2011
MTQ,0,2012
MTQ,0,2013
MTQ,0,2014
MUS,0,2011
MUS,0,2012
MUS,0,2013
MUS,0,2014
MWI,0,2011
MWI,0,2012
MWI,0,2013
MWI,0,2014
MYS,0,2011
MYS,0,2012
MYS,0,2013
MYS,0,2014
MYT,0,2011
MYT,0,2012
MYT,0,2013
MYT,0,2014
NAM,0,2011
NAM,0,2012
NAM,0,2013
NAM,0,2014
NCL,0,2011
NCL,0,2012
NCL,0,2013
NCL,0,2014
NER,0,2011
NER,3,2012
NER,0,2013
NER,0,2014
NGA,0,2011
NGA,0,2012
NGA,0,2013
NGA,0,2014
NIC,0,2011
NIC,0,2012
NIC,0,2013
NIC,0,2014
NIU,0,2011
NIU,0,2012
NIU,0,2013
NIU,0,2014
NLD,0,2011
NLD,0,2012
NLD,0,2013
NLD,0,2014
NOR,0,2011
NOR,0,2012
NOR,0,2013
NOR,0,2014
NPL,0,2011
NPL,0,2012
NPL,0,2013
NPL,0,2014
NRU,0,2011
NRU,0,2012
NRU,0,2013
NRU,0,2014
NZL,0,2011
NZL,0,2012
NZL,0,2013
NZL,0,2014
OMN,0,2011
OMN,0,2012
OMN,0,2013
OMN,0,2014
PAK,0,2011
PAK,0,2012
PAK,0,2013
PAK,0,2014
PAN,0,2011
PAN,0,2012
PAN,0,2013
PAN,0,2014
PER,0,2011
PER,0,2012
PER,0,2013
PER,0,2014
PHL,0,2011
PHL,0,2012
PHL,0,2013
PHL,0,2014
PLW,0,2011
PLW,0,2012
PLW,0,2013
PLW,0,2014
PNG,0,2011
PNG,0,2012
PNG,0,2013
PNG,0,2014
POL,0,2011
POL,0,2012
POL,0,2013
POL,0,2014
PRI,0,2011
PRI,0,2012
PRI,0,2013
PRI,0,2014
PRK,0,2011
PRK,0,2012
PRK,0,2013
PRK,0,2014
PRT,0,2011
PRT,0,2012
PRT,0,2013
PRT,0,2014
PRY,0,2011
PRY,0,2012
PRY,0,2013
PRY,0,2014
PSE,0,2011
PSE,0,2012
PSE,0,2013
PSE,0,2014
PYF,0,2011
PYF,0,2012
PYF,0,2013
PYF,0,2014
QAT,0,2011
QAT,0,2012
QAT,0,2013
QAT,0,2014
REU,0,2011
REU,0,2012
REU,0,2013
REU,0,2014
ROU,0,2011
ROU,0,2012
ROU,0,2013
ROU,0,2014
RUS,0,2011
RUS,0,2012
RUS,0,2013
RUS,0,2014
RWA,0,2011
RWA,0,2012
RWA,0,2013
RWA,0,2014
SAU,0,2011
SAU,0,2012
SAU,0,2013
SAU,0,2014
SDF,0,2011
SDF,0,2012
SDF,0,2013
SDF,0,2014
SDN,0,2011
SDN,0,2012
SDN,3,2013
SDN,0,2014
SEN,0,2011
SEN,0,2012
SEN,0,2013
SEN,0,2014
SGP,0,2011
SGP,0,2012
SGP,0,2013
SGP,0,2014
SHN,0,2011
SHN,0,2012
SHN,0,2013
SHN,0,2014
SLB,0,2011
SLB,0,2012
SLB,0,2013
SLB,0,2014
SLE,0,2011
SLE,0,2012
SLE,0,2013
SLE,0,2014
SLV,0,2011
SLV,0,2012
SLV,0,2013
SLV,0,2014
SMR,0,2011
SMR,0,2012
SMR,0,2013
SMR,0,2014
SOM,0,2011
SOM,0,2012
SOM,0,2013
SOM,0,2014
SPM,0,2011
SPM,0,2012
SPM,0,2013
SPM,0,2014
SRB,0,2011
SRB,0,2012
SRB,0,2013
SRB,0,2014
SSD,1028,2011
SSD,521,2012
SSD,113,2013
SSD,70,2014
STP,0,2011
STP,0,2012
STP,0,2013
STP,0,2014
SUR,0,2011
SUR,0,2012
SUR,0,2013
SUR,0,2014
SVK,0,2011
SVK,0,2012
SVK,0,2013
SVK,0,2014
SVN,0,2011
SVN,0,2012
SVN,0,2013
SVN,0,2014
SWE,0,2011
SWE,0,2012
SWE,0,2013
SWE,0,2014
SWZ,0,2011
SWZ,0,2012
SWZ,0,2013
SWZ,0,2014
SXM,0,2011
SXM,0,2012
SXM,0,2013
SXM,0,2014
SYC,0,2011
SYC,0,2012
SYC,0,2013
SYC,0,2014
SYR,0,2011
SYR,0,2012
SYR,0,2013
SYR,0,2014
TCA,0,2011
TCA,0,2012
TCA,0,2013
TCA,0,2014
TCD,10,2011
TCD,10,2012
TCD,14,2013
TCD,13,2014
TGO,0,2011
TGO,0,2012
TGO,0,2013
TGO,0,2014
THA,0,2011
THA,0,2012
THA,0,2013
THA,0,2014
TJK,0,2011
TJK,0,2012
TJK,0,2013
TJK,0,2014
TKL,0,2011
TKL,0,2012
TKL,0,2013
TKL,0,2014
TKM,0,2011
TKM,0,2012
TKM,0,2013
TKM,0,2014
TLS,0,2011
TLS,0,2012
TLS,0,2013
TLS,0,2014
TON,0,2011
TON,0,2012
TON,0,2013
TON,0,2014
TTO,0,2011
TTO,0,2012
TTO,0,2013
TTO,0,2014
TUN,0,2011
TUN,0,2012
TUN,0,2013
TUN,0,2014
TUR,0,2011
TUR,0,2012
TUR,0,2013
TUR,0,2014
TUV,0,2011
TUV,0,2012
TUV,0,2013
TUV,0,2014
TZA,0,2011
TZA,0,2012
TZA,0,2013
TZA,0,2014
UGA,0,2011
UGA,0,2012
UGA,0,2013
UGA,0,2014
UKR,0,2011
UKR,0,2012
UKR,0,2013
UKR,0,2014
URY,0,2011
URY,0,2012
URY,0,2013
URY,0,2014
USA,0,2011
USA,0,2012
USA,0,2013
USA,0,2014
UZB,0,2011
UZB,0,2012
UZB,0,2013
UZB,0,2014
VCT,0,2011
VCT,0,2012
VCT,0,2013
VCT,0,2014
VEN,0,2011
VEN,0,2012
VEN,0,2013
VEN,0,2014
VGB,0,2011
VGB,0,2012
VGB,0,2013
VGB,0,2014
VIR,0,2011
VIR,0,2012
VIR,0,2013
VIR,0,2014
VNM,0,2011
VNM,0,2012
VNM,0,2013
VNM,0,2014
VUT,0,2011
VUT,0,2012
VUT,0,2013
VUT,0,2014
WSM,0,2011
WSM,0,2012
WSM,0,2013
WSM,0,2014
YEM,0,2011
YEM,0,2012
YEM,0,2013
YEM,0,2014
ZAF,0,2011
ZAF,0,2012
ZAF,0,2013
ZAF,0,2014
ZMB,0,2011
ZMB,0,2012
ZMB,0,2013
ZMB,0,2014
ZWE,0,2011
ZWE,0,2012
ZWE,0,2013
ZWE,0,2014
ABW,0,2015
ABW,0,2016
ABW,0,2017
ABW,0,2018
AFG,0,2015
AFG,0,2016
AFG,0,2017
AFG,0,2018
AGO,0,2015
AGO,0,2016
AGO,0,2017
AGO,1,2018
AIA,0,2015
AIA,0,2016
AIA,0,2017
AIA,0,2018
ALB,0,2015
ALB,0,2016
ALB,0,2017
ALB,0,2018
AND,0,2015
AND,0,2016
AND,0,2017
AND,0,2018
ARE,0,2015
ARE,0,2016
ARE,0,2017
ARE,0,2018
ARG,0,2015
ARG,0,2016
ARG,0,2017
ARG,0,2018
ARM,0,2015
ARM,0,2016
ARM,0,2017
ARM,0,2018
ASM,0,2015
ASM,0,2016
ASM,0,2017
ASM,0,2018
ATG,0,2015
ATG,0,2016
ATG,0,2017
ATG,0,2018
AUS,0,2015
AUS,0,2016
AUS,0,2017
AUS,0,2018
AUT,0,2015
AUT,0,2016
AUT,0,2017
AUT,0,2018
AZE,0,2015
AZE,0,2016
AZE,0,2017
AZE,0,2018
BDI,0,2015
BDI,0,2016
BDI,0,2017
BDI,0,2018
BEL,0,2015
BEL,0,2016
BEL,0,2017
BEL,0,2018
BEN,0,2015
BEN,0,2016
BEN,0,2017
BEN,0,2018
BFA,0,2015
BFA,0,2016
BFA,0,2017
BFA,0,2018
BGD,0,2015
BGD,0,2016
BGD,0,2017
BGD,0,2018
BGR,0,2015
BGR,0,2016
BGR,0,2017
BGR,0,2018
BHR,0,2015
BHR,0,2016
BHR,0,2017
BHR,0,2018
BHS,0,2015
BHS,0,2016
BHS,0,2017
BHS,0,2018
BIH,0,2015
BIH,0,2016
BIH,0,2017
BIH,0,2018
BLR,0,2015
BLR,0,2016
BLR,0,2017
BLR,0,2018
BLZ,0,2015
BLZ,0,2016
BLZ,0,2017
BLZ,0,2018
BMU,0,2015
BMU,0,2016
BMU,0,2017
BMU,0,2018
BOL,0,2015
BOL,0,2016
BOL,0,2017
BOL,0,2018
BRA,0,2015
BRA,0,2016
BRA,0,2017
BRA,0,2018
BRB,0,2015
BRB,0,2016
BRB,0,2017
BRB,0,2018
BRN,0,2015
BRN,0,2016
BRN,0,2017
BRN,0,2018
BTN,0,2015
BTN,0,2016
BTN,0,2017
BTN,0,2018
BWA,0,2015
BWA,0,2016
BWA,0,2017
BWA,0,2018
CAF,0,2015
CAF,0,2016
CAF,0,2017
CAF,0,2018
CAN,0,2015
CAN,0,2016
CAN,0,2017
CAN,0,2018
CHE,0,2015
CHE,0,2016
CHE,0,2017
CHE,0,2018
CHI,0,2015
CHI,0,2016
CHI,0,2017
CHI,0,2018
CHL,0,2015
CHL,0,2016
CHL,0,2017
CHL,0,2018
CHN,0,2015
CHN,0,2016
CHN,0,2017
CHN,0,2018
CIV,0,2015
CIV,0,2016
CIV,0,2017
CIV,0,2018
CMR,0,2015
CMR,0,2016
CMR,0,2017
CMR,0,2018
COD,0,2015
COD,0,2016
COD,0,2017
COD,0,2018
COG,0,2015
COG,0,2016
COG,0,2017
COG,0,2018
COK,0,2015
COK,0,2016
COK,0,2017
COK,0,2018
COL,0,2015
COL,0,2016
COL,0,2017
COL,0,2018
COM,0,2015
COM,0,2016
COM,0,2017
COM,0,2018
CPV,0,2015
CPV,0,2016
CPV,0,2017
CPV,0,2018
CRI,0,2015
CRI,0,2016
CRI,0,2017
CRI,0,2018
CUB,0,2015
CUB,0,2016
CUB,0,2017
CUB,0,2018
CUW,0,2015
CUW,0,2016
CUW,0,2017
CUW,0,2018
CYM,0,2015
CYM,0,2016
CYM,0,2017
CYM,0,2018
CYP,0,2015
CYP,0,2016
CYP,0,2017
CYP,0,2018
CZE,0,2015
CZE,0,2016
CZE,0,2017
CZE,0,2018
DEU,0,2015
DEU,0,2016
DEU,0,2017
DEU,0,2018
DJI,0,2015
DJI,0,2016
DJI,0,2017
DJI,0,2018
DMA,0,2015
DMA,0,2016
DMA,0,2017
DMA,0,2018
DNK,0,2015
DNK,0,2016
DNK,0,2017
DNK,0,2018
DOM,0,2015
DOM,0,2016
DOM,0,2017
DOM,0,2018
DZA,0,2015
DZA,0,2016
DZA,0,2017
DZA,0,2018
ECU,0,2015
ECU,0,2016
ECU,0,2017
ECU,0,2018
EGY,0,2015
EGY,0,2016
EGY,0,2017
EGY,0,2018
ERI,0,2015
ERI,0,2016
ERI,0,2017
ERI,0,2018
ESP,0,2015
ESP,0,2016
ESP,0,2017
ESP,0,2018
EST,0,2015
EST,0,2016
EST,0,2017
EST,0,2018
ETH,3,2015
ETH,3,2016
ETH,12,2017
ETH,0,2018
FIN,0,2015
FIN,0,2016
FIN,0,2017
FIN,0,2018
FJI,0,2015
FJI,0,2016
FJI,0,2017
FJI,0,2018
FLK,0,2015
FLK,0,2016
FLK,0,2017
FLK,0,2018
FRA,0,2015
FRA,0,2016
FRA,0,2017
FRA,0,2018
FRO,0,2015
FRO,0,2016
FRO,0,2017
FRO,0,2018
FSM,0,2015
FSM,0,2016
FSM,0,2017
FSM,0,2018
GAB,0,2015
GAB,0,2016
GAB,0,2017
GAB,0,2018
GBR,0,2015
GBR,0,2016
GBR,0,2017
GBR,0,2018
GEO,0,2015
GEO,0,2016
GEO,0,2017
GEO,0,2018
GHA,0,2015
GHA,0,2016
GHA,0,2017
GHA,0,2018
GIB,0,2015
GIB,0,2016
GIB,0,2017
GIB,0,2018
GIN,0,2015
GIN,0,2016
GIN,0,2017
GIN,0,2018
GLP,0,2015
GLP,0,2016
GLP,0,2017
GLP,0,2018
GMB,0,2015
GMB,0,2016
GMB,0,2017
GMB,0,2018
GNB,0,2015
GNB,0,2016
GNB,0,2017
GNB,0,2018
GNQ,0,2015
GNQ,0,2016
GNQ,0,2017
GNQ,0,2018
GRC,0,2015
GRC,0,2016
GRC,0,2017
GRC,0,2018
GRD,0,2015
GRD,0,2016
GRD,0,2017
GRD,0,2018
GRL,0,2015
GRL,0,2016
GRL,0,2017
GRL,0,2018
GTM,0,2015
GTM,0,2016
GTM,0,2017
GTM,0,2018
GUF,0,2015
GUF,0,2016
GUF,0,2017
GUF,0,2018
GUM,0,2015
GUM,0,2016
GUM,0,2017
GUM,0,2018
GUY,0,2015
GUY,0,2016
GUY,0,2017
GUY,0,2018
HKG,0,2015
HKG,0,2016
HKG,0,2017
HKG,0,2018
HND,0,2015
HND,0,2016
HND,0,2017
HND,0,2018
HRV,0,2015
HRV,0,2016
HRV,0,2017
HRV,0,2018
HTI,0,2015
HTI,0,2016
HTI,0,2017
HTI,0,2018
HUN,0,2015
HUN,0,2016
HUN,0,2017
HUN,0,2018
IDN,0,2015
IDN,0,2016
IDN,0,2017
IDN,0,2018
IMN,0,2015
IMN,0,2016
IMN,0,2017
IMN,0,2018
IND,0,2015
IND,0,2016
IND,0,2017
IND,0,2018
IRL,0,2015
IRL,0,2016
IRL,0,2017
IRL,0,2018
IRN,0,2015
IRN,0,2016
IRN,0,2017
IRN,0,2018
IRQ,0,2015
IRQ,0,2016
IRQ,0,2017
IRQ,0,2018
ISL,0,2015
ISL,0,2016
ISL,0,2017
ISL,0,2018
ISR,0,2015
ISR,0,2016
ISR,0,2017
ISR,0,2018
ITA,0,2015
ITA,0,2016
ITA,0,2017
ITA,0,2018
JAM,0,2015
JAM,0,2016
JAM,0,2017
JAM,0,2018
JOR,0,2015
JOR,0,2016
JOR,0,2017
JOR,0,2018
JPN,0,2015
JPN,0,2016
JPN,0,2017
JPN,0,2018
KAZ,0,2015
KAZ,0,2016
KAZ,0,2017
KAZ,0,2018
KEN,0,2015
KEN,0,2016
KEN,0,2017
KEN,0,2018
KGZ,0,2015
KGZ,0,2016
KGZ,0,2017
KGZ,0,2018
KHM,0,2015
KHM,0,2016
KHM,0,2017
KHM,0,2018
KIR,0,2015
KIR,0,2016
KIR,0,2017
KIR,0,2018
KNA,0,2015
KNA,0,2016
KNA,0,2017
KNA,0,2018
KOR,0,2015
KOR,0,2016
KOR,0,2017
KOR,0,2018
KWT,0,2015
KWT,0,2016
KWT,0,2017
KWT,0,2018
LAO,0,2015
LAO,0,2016
LAO,0,2017
LAO,0,2018
LBN,0,2015
LBN,0,2016
LBN,0,2017
LBN,0,2018
LBR,0,2015
LBR,0,2016
LBR,0,2017
LBR,0,2018
LBY,0,2015
LBY,0,2016
LBY,0,2017
LBY,0,2018
LCA,0,2015
LCA,0,2016
LCA,0,2017
LCA,0,2018
LIE,0,2015
LIE,0,2016
LIE,0,2017
LIE,0,2018
LKA,0,2015
LKA,0,2016
LKA,0,2017
LKA,0,2018
LSO,0,2015
LSO,0,2016
LSO,0,2017
LSO,0,2018
LTU,0,2015
LTU,0,2016
LTU,0,2017
LTU,0,2018
LUX,0,2015
LUX,0,2016
LUX,0,2017
LUX,0,2018
LVA,0,2015
LVA,0,2016
LVA,0,2017
LVA,0,2018
MAC,0,2015
MAC,0,2016
MAC,0,2017
MAC,0,2018
MAR,0,2015
MAR,0,2016
MAR,0,2017
MAR,0,2018
MCO,0,2015
MCO,0,2016
MCO,0,2017
MCO,0,2018
MDA,0,2015
MDA,0,2016
MDA,0,2017
MDA,0,2018
MDG,0,2015
MDG,0,2016
MDG,0,2017
MDG,0,2018
MDV,0,2015
MDV,0,2016
MDV,0,2017
MDV,0,2018
ME1,0,2015
ME1,0,2016
ME1,0,2017
ME1,0,2018
MEX,0,2015
MEX,0,2016
MEX,0,2017
MEX,0,2018
MHL,0,2015
MHL,0,2016
MHL,0,2017
MHL,0,2018
MKD,0,2015
MKD,0,2016
MKD,0,2017
MKD,0,2018
MLI,5,2015
MLI,0,2016
MLI,0,2017
MLI,0,2018
MLT,0,2015
MLT,0,2016
MLT,0,2017
MLT,0,2018
MMR,0,2015
MMR,0,2016
MMR,0,2017
MMR,0,2018
MNE,0,2015
MNE,0,2016
MNE,0,2017
MNE,0,2018
MNG,0,2015
MNG,0,2016
MNG,0,2017
MNG,0,2018
MNP,0,2015
MNP,0,2016
MNP,0,2017
MNP,0,2018
MOZ,0,2015
MOZ,0,2016
MOZ,0,2017
MOZ,0,2018
MRT,0,2015
MRT,0,2016
MRT,0,2017
MRT,0,2018
MTQ,0,2015
MTQ,0,2016
MTQ,0,2017
MTQ,0,2018
MUS,0,2015
MUS,0,2016
MUS,0,2017
MUS,0,2018
MWI,0,2015
MWI,0,2016
MWI,0,2017
MWI,0,2018
MYS,0,2015
MYS,0,2016
MYS,0,2017
MYS,0,2018
MYT,0,2015
MYT,0,2016
MYT,0,2017
MYT,0,2018
NAM,0,2015
NAM,0,2016
NAM,0,2017
NAM,0,2018
NCL,0,2015
NCL,0,2016
NCL,0,2017
NCL,0,2018
NER,0,2015
NER,0,2016
NER,0,2017
NER,0,2018
NGA,0,2015
NGA,0,2016
NGA,0,2017
NGA,0,2018
NIC,0,2015
NIC,0,2016
NIC,0,2017
NIC,0,2018
NIU,0,2015
NIU,0,2016
NIU,0,2017
NIU,0,2018
NLD,0,2015
NLD,0,2016
NLD,0,2017
NLD,0,2018
NOR,0,2015
NOR,0,2016
NOR,0,2017
NOR,0,2018
NPL,0,2015
NPL,0,2016
NPL,0,2017
NPL,0,2018
NRU,0,2015
NRU,0,2016
NRU,0,2017
NRU,0,2018
NZL,0,2015
NZL,0,2016
NZL,0,2017
NZL,0,2018
OMN,0,2015
OMN,0,2016
OMN,0,2017
OMN,0,2018
PAK,0,2015
PAK,0,2016
PAK,0,2017
PAK,0,2018
PAN,0,2015
PAN,0,2016
PAN,0,2017
PAN,0,2018
PER,0,2015
PER,0,2016
PER,0,2017
PER,0,2018
PHL,0,2015
PHL,0,2016
PHL,0,2017
PHL,0,2018
PLW,0,2015
PLW,0,2016
PLW,0,2017
PLW,0,2018
PNG,0,2015
PNG,0,2016
PNG,0,2017
PNG,0,2018
POL,0,2015
POL,0,2016
POL,0,2017
POL,0,2018
PRI,0,2015
PRI,0,2016
PRI,0,2017
PRI,0,2018
PRK,0,2015
PRK,0,2016
PRK,0,2017
PRK,0,2018
PRT,0,2015
PRT,0,2016
PRT,0,2017
PRT,0,2018
PRY,0,2015
PRY,0,2016
PRY,0,2017
PRY,0,2018
PSE,0,2015
PSE,0,2016
PSE,0,2017
PSE,0,2018
PYF,0,2015
PYF,0,2016
PYF,0,2017
PYF,0,2018
QAT,0,2015
QAT,0,2016
QAT,0,2017
QAT,0,2018
REU,0,2015
REU,0,2016
REU,0,2017
REU,0,2018
ROU,0,2015
ROU,0,2016
ROU,0,2017
ROU,0,2018
RUS,0,2015
RUS,0,2016
RUS,0,2017
RUS,0,2018
RWA,0,2015
RWA,0,2016
RWA,0,2017
RWA,0,2018
SAU,0,2015
SAU,0,2016
SAU,0,2017
SAU,0,2018
SDF,0,2015
SDF,0,2016
SDF,0,2017
SDF,0,2018
SDN,0,2015
SDN,0,2016
SDN,0,2017
SDN,0,2018
SEN,0,2015
SEN,0,2016
SEN,0,2017
SEN,0,2018
SGP,0,2015
SGP,0,2016
SGP,0,2017
SGP,0,2018
SHN,0,2015
SHN,0,2016
SHN,0,2017
SHN,0,2018
SLB,0,2015
SLB,0,2016
SLB,0,2017
SLB,0,2018
SLE,0,2015
SLE,0,2016
SLE,0,2017
SLE,0,2018
SLV,0,2015
SLV,0,2016
SLV,0,2017
SLV,0,2018
SMR,0,2015
SMR,0,2016
SMR,0,2017
SMR,0,2018
SOM,0,2015
SOM,0,2016
SOM,0,2017
SOM,0,2018
SPM,0,2015
SPM,0,2016
SPM,0,2017
SPM,0,2018
SRB,0,2015
SRB,0,2016
SRB,0,2017
SRB,0,2018
SSD,5,2015
SSD,6,2016
SSD,0,2017
SSD,10,2018
STP,0,2015
STP,0,2016
STP,0,2017
STP,0,2018
SUR,0,2015
SUR,0,2016
SUR,0,2017
SUR,0,2018
SVK,0,2015
SVK,0,2016
SVK,0,2017
SVK,0,2018
SVN,0,2015
SVN,0,2016
SVN,0,2017
SVN,0,2018
SWE,0,2015
SWE,0,2016
SWE,0,2017
SWE,0,2018
SWZ,0,2015
SWZ,0,2016
SWZ,0,2017
SWZ,0,2018
SXM,0,2015
SXM,0,2016
SXM,0,2017
SXM,0,2018
SYC,0,2015
SYC,0,2016
SYC,0,2017
SYC,0,2018
SYR,0,2015
SYR,0,2016
SYR,0,2017
SYR,0,2018
TCA,0,2015
TCA,0,2016
TCA,0,2017
TCA,0,2018
TCD,9,2015
TCD,16,2016
TCD,13,2017
TCD,17,2018
TGO,0,2015
TGO,0,2016
TGO,0,2017
TGO,0,2018
THA,0,2015
THA,0,2016
THA,0,2017
THA,0,2018
TJK,0,2015
TJK,0,2016
TJK,0,2017
TJK,0,2018
TKL,0,2015
TKL,0,2016
TKL,0,2017
TKL,0,2018
TKM,0,2015
TKM,0,2016
TKM,0,2017
TKM,0,2018
TLS,0,2015
TLS,0,2016
TLS,0,2017
TLS,0,2018
TON,0,2015
TON,0,2016
TON,0,2017
TON,0,2018
TTO,0,2015
TTO,0,2016
TTO,0,2017
TTO,0,2018
TUN,0,2015
TUN,0,2016
TUN,0,2017
TUN,0,2018
TUR,0,2015
TUR,0,2016
TUR,0,2017
TUR,0,2018
TUV,0,2015
TUV,0,2016
TUV,0,2017
TUV,0,2018
TZA,0,2015
TZA,0,2016
TZA,0,2017
TZA,0,2018
UGA,0,2015
UGA,0,2016
UGA,0,2017
UGA,0,2018
UKR,0,2015
UKR,0,2016
UKR,0,2017
UKR,0,2018
URY,0,2015
URY,0,2016
URY,0,2017
URY,0,2018
USA,0,2015
USA,0,2016
USA,0,2017
USA,0,2018
UZB,0,2015
UZB,0,2016
UZB,0,2017
UZB,0,2018
VCT,0,2015
VCT,0,2016
VCT,0,2017
VCT,0,2018
VEN,0,2015
VEN,0,2016
VEN,0,2017
VEN,0,2018
VGB,0,2015
VGB,0,2016
VGB,0,2017
VGB,0,2018
VIR,0,2015
VIR,0,2016
VIR,0,2017
VIR,0,2018
VNM,0,2015
VNM,0,2016
VNM,0,2017
VNM,0,2018
VUT,0,2015
VUT,0,2016
VUT,0,2017
VUT,0,2018
WSM,0,2015
WSM,0,2016
WSM,0,2017
WSM,0,2018
YEM,0,2015
YEM,0,2016
YEM,0,2017
YEM,0,2018
ZAF,0,2015
ZAF,0,2016
ZAF,0,2017
ZAF,0,2018
ZMB,0,2015
ZMB,0,2016
ZMB,0,2017
ZMB,0,2018
ZWE,0,2015
ZWE,0,2016
ZWE,0,2017
ZWE,0,2018
ABW,0,2019
ABW,0,2020
ABW,0,2021
AFG,0,2019
AFG,0,2020
AFG,0,2021
AGO,1,2019
AGO,1,2020
AGO,0,2021
AIA,0,2019
AIA,0,2020
AIA,0,2021
ALB,0,2019
ALB,0,2020
ALB,0,2021
AND,0,2019
AND,0,2020
AND,0,2021
ARE,0,2019
ARE,0,2020
ARE,0,2021
ARG,0,2019
ARG,0,2020
ARG,0,2021
ARM,0,2019
ARM,0,2020
ARM,0,2021
ASM,0,2019
ASM,0,2020
ASM,0,2021
ATG,0,2019
ATG,0,2020
ATG,0,2021
AUS,0,2019
AUS,0,2020
AUS,0,2021
AUT,0,2019
AUT,0,2020
AUT,0,2021
AZE,0,2019
AZE,0,2020
AZE,0,2021
BDI,0,2019
BDI,0,2020
BDI,0,2021
BEL,0,2019
BEL,0,2020
BEL,0,2021
BEN,0,2019
BEN,0,2020
BEN,0,2021
BFA,0,2019
BFA,0,2020
BFA,0,2021
BGD,0,2019
BGD,0,2020
BGD,0,2021
BGR,0,2019
BGR,0,2020
BGR,0,2021
BHR,0,2019
BHR,0,2020
BHR,0,2021
BHS,0,2019
BHS,0,2020
BHS,0,2021
BIH,0,2019
BIH,0,2020
BIH,0,2021
BLR,0,2019
BLR,0,2020
BLR,0,2021
BLZ,0,2019
BLZ,0,2020
BLZ,0,2021
BMU,0,2019
BMU,0,2020
BMU,0,2021
BOL,0,2019
BOL,0,2020
BOL,0,2021
BRA,0,2019
BRA,0,2020
BRA,0,2021
BRB,0,2019
BRB,0,2020
BRB,0,2021
BRN,0,2019
BRN,0,2020
BRN,0,2021
BTN,0,2019
BTN,0,2020
BTN,0,2021
BWA,0,2019
BWA,0,2020
BWA,0,2021
CAF,0,2019
CAF,0,2020
CAF,0,2021
CAN,0,2019
CAN,0,2020
CAN,0,2021
CHE,0,2019
CHE,0,2020
CHE,0,2021
CHI,0,2019
CHI,0,2020
CHI,0,2021
CHL,0,2019
CHL,0,2020
CHL,0,2021
CHN,0,2019
CHN,0,2020
CHN,0,2021
CIV,0,2019
CIV,0,2020
CIV,0,2021
CMR,1,2019
CMR,1,2020
CMR,0,2021
COD,0,2019
COD,0,2020
COD,0,2021
COG,0,2019
COG,0,2020
COG,0,2021
COK,0,2019
COK,0,2020
COK,0,2021
COL,0,2019
COL,0,2020
COL,0,2021
COM,0,2019
COM,0,2020
COM,0,2021
CPV,0,2019
CPV,0,2020
CPV,0,2021
CRI,0,2019
CRI,0,2020
CRI,0,2021
CUB,0,2019
CUB,0,2020
CUB,0,2021
CUW,0,2019
CUW,0,2020
CUW,0,2021
CYM,0,2019
CYM,0,2020
CYM,0,2021
CYP,0,2019
CYP,0,2020
CYP,0,2021
CZE,0,2019
CZE,0,2020
CZE,0,2021
DEU,0,2019
DEU,0,2020
DEU,0,2021
DJI,0,2019
DJI,0,2020
DJI,0,2021
DMA,0,2019
DMA,0,2020
DMA,0,2021
DNK,0,2019
DNK,0,2020
DNK,0,2021
DOM,0,2019
DOM,0,2020
DOM,0,2021
DZA,0,2019
DZA,0,2020
DZA,0,2021
ECU,0,2019
ECU,0,2020
ECU,0,2021
EGY,0,2019
EGY,0,2020
EGY,0,2021
ERI,0,2019
ERI,0,2020
ERI,0,2021
ESP,0,2019
ESP,0,2020
ESP,0,2021
EST,0,2019
EST,0,2020
EST,0,2021
ETH,0,2019
ETH,11,2020
ETH,1,2021
FIN,0,2019
FIN,0,2020
FIN,0,2021
FJI,0,2019
FJI,0,2020
FJI,0,2021
FLK,0,2019
FLK,0,2020
FLK,0,2021
FRA,0,2019
FRA,0,2020
FRA,0,2021
FRO,0,2019
FRO,0,2020
FRO,0,2021
FSM,0,2019
FSM,0,2020
FSM,0,2021
GAB,0,2019
GAB,0,2020
GAB,0,2021
GBR,0,2019
GBR,0,2020
GBR,0,2021
GEO,0,2019
GEO,0,2020
GEO,0,2021
GHA,0,2019
GHA,0,2020
GHA,0,2021
GIB,0,2019
GIB,0,2020
GIB,0,2021
GIN,0,2019
GIN,0,2020
GIN,0,2021
GLP,0,2019
GLP,0,2020
GLP,0,2021
GMB,0,2019
GMB,0,2020
GMB,0,2021
GNB,0,2019
GNB,0,2020
GNB,0,2021
GNQ,0,2019
GNQ,0,2020
GNQ,0,2021
GRC,0,2019
GRC,0,2020
GRC,0,2021
GRD,0,2019
GRD,0,2020
GRD,0,2021
GRL,0,2019
GRL,0,2020
GRL,0,2021
GTM,0,2019
GTM,0,2020
GTM,0,2021
GUF,0,2019
GUF,0,2020
GUF,0,2021
GUM,0,2019
GUM,0,2020
GUM,0,2021
GUY,0,2019
GUY,0,2020
GUY,0,2021
HKG,0,2019
HKG,0,2020
HKG,0,2021
HND,0,2019
HND,0,2020
HND,0,2021
HRV,0,2019
HRV,0,2020
HRV,0,2021
HTI,0,2019
HTI,0,2020
HTI,0,2021
HUN,0,2019
HUN,0,2020
HUN,0,2021
IDN,0,2019
IDN,0,2020
IDN,0,2021
IMN,0,2019
IMN,0,2020
IMN,0,2021
IND,0,2019
IND,0,2020
IND,0,2021
IRL,0,2019
IRL,0,2020
IRL,0,2021
IRN,0,2019
IRN,0,2020
IRN,0,2021
IRQ,0,2019
IRQ,0,2020
IRQ,0,2021
ISL,0,2019
ISL,0,2020
ISL,0,2021
ISR,0,2019
ISR,0,2020
ISR,0,2021
ITA,0,2019
ITA,0,2020
ITA,0,2021
JAM,0,2019
JAM,0,2020
JAM,0,2021
JOR,0,2019
JOR,0,2020
JOR,0,2021
JPN,0,2019
JPN,0,2020
JPN,0,2021
KAZ,0,2019
KAZ,0,2020
KAZ,0,2021
KEN,0,2019
KEN,0,2020
KEN,0,2021
KGZ,0,2019
KGZ,0,2020
KGZ,0,2021
KHM,0,2019
KHM,0,2020
KHM,0,2021
KIR,0,2019
KIR,0,2020
KIR,0,2021
KNA,0,2019
KNA,0,2020
KNA,0,2021
KOR,0,2019
KOR,0,2020
KOR,0,2021
KWT,0,2019
KWT,0,2020
KWT,0,2021
LAO,0,2019
LAO,0,2020
LAO,0,2021
LBN,0,2019
LBN,0,2020
LBN,0,2021
LBR,0,2019
LBR,0,2020
LBR,0,2021
LBY,0,2019
LBY,0,2020
LBY,0,2021
LCA,0,2019
LCA,0,2020
LCA,0,2021
LIE,0,2019
LIE,0,2020
LIE,0,2021
LKA,0,2019
LKA,0,2020
LKA,0,2021
LSO,0,2019
LSO,0,2020
LSO,0,2021
LTU,0,2019
LTU,0,2020
LTU,0,2021
LUX,0,2019
LUX,0,2020
LUX,0,2021
LVA,0,2019
LVA,0,2020
LVA,0,2021
MAC,0,2019
MAC,0,2020
MAC,0,2021
MAR,0,2019
MAR,0,2020
MAR,0,2021
MCO,0,2019
MCO,0,2020
MCO,0,2021
MDA,0,2019
MDA,0,2020
MDA,0,2021
MDG,0,2019
MDG,0,2020
MDG,0,2021
MDV,0,2019
MDV,0,2020
MDV,0,2021
ME1,0,2019
ME1,0,2020
ME1,0,2021
MEX,0,2019
MEX,0,2020
MEX,0,2021
MHL,0,2019
MHL,0,2020
MHL,0,2021
MKD,0,2019
MKD,0,2020
MKD,0,2021
MLI,0,2019
MLI,1,2020
MLI,2,2021
MLT,0,2019
MLT,0,2020
MLT,0,2021
MMR,0,2019
MMR,0,2020
MMR,0,2021
MNE,0,2019
MNE,0,2020
MNE,0,2021
MNG,0,2019
MNG,0,2020
MNG,0,2021
MNP,0,2019
MNP,0,2020
MNP,0,2021
MOZ,0,2019
MOZ,0,2020
MOZ,0,2021
MRT,0,2019
MRT,0,2020
MRT,0,2021
MTQ,0,2019
MTQ,0,2020
MTQ,0,2021
MUS,0,2019
MUS,0,2020
MUS,0,2021
MWI,0,2019
MWI,0,2020
MWI,0,2021
MYS,0,2019
MYS,0,2020
MYS,0,2021
MYT,0,2019
MYT,0,2020
MYT,0,2021
NAM,0,2019
NAM,0,2020
NAM,0,2021
NCL,0,2019
NCL,0,2020
NCL,0,2021
NER,0,2019
NER,0,2020
NER,0,2021
NGA,0,2019
NGA,0,2020
NGA,0,2021
NIC,0,2019
NIC,0,2020
NIC,0,2021
NIU,0,2019
NIU,0,2020
NIU,0,2021
NLD,0,2019
NLD,0,2020
NLD,0,2021
NOR,0,2019
NOR,0,2020
NOR,0,2021
NPL,0,2019
NPL,0,2020
NPL,0,2021
NRU,0,2019
NRU,0,2020
NRU,0,2021
NZL,0,2019
NZL,0,2020
NZL,0,2021
OMN,0,2019
OMN,0,2020
OMN,0,2021
PAK,0,2019
PAK,0,2020
PAK,0,2021
PAN,0,2019
PAN,0,2020
PAN,0,2021
PER,0,2019
PER,0,2020
PER,0,2021
PHL,0,2019
PHL,0,2020
PHL,0,2021
PLW,0,2019
PLW,0,2020
PLW,0,2021
PNG,0,2019
PNG,0,2020
PNG,0,2021
POL,0,2019
POL,0,2020
POL,0,2021
PRI,0,2019
PRI,0,2020
PRI,0,2021
PRK,0,2019
PRK,0,2020
PRK,0,2021
PRT,0,2019
PRT,0,2020
PRT,0,2021
PRY,0,2019
PRY,0,2020
PRY,0,2021
PSE,0,2019
PSE,0,2020
PSE,0,2021
PYF,0,2019
PYF,0,2020
PYF,0,2021
QAT,0,2019
QAT,0,2020
QAT,0,2021
REU,0,2019
REU,0,2020
REU,0,2021
ROU,0,2019
ROU,0,2020
ROU,0,2021
RUS,0,2019
RUS,0,2020
RUS,0,2021
RWA,0,2019
RWA,0,2020
RWA,0,2021
SAU,0,2019
SAU,0,2020
SAU,0,2021
SDF,0,2019
SDF,0,2020
SDF,0,2021
SDN,0,2019
SDN,0,2020
SDN,0,2021
SEN,0,2019
SEN,0,2020
SEN,0,2021
SGP,0,2019
SGP,0,2020
SGP,0,2021
SHN,0,2019
SHN,0,2020
SHN,0,2021
SLB,0,2019
SLB,0,2020
SLB,0,2021
SLE,0,2019
SLE,0,2020
SLE,0,2021
SLV,0,2019
SLV,0,2020
SLV,0,2021
SMR,0,2019
SMR,0,2020
SMR,0,2021
SOM,0,2019
SOM,0,2020
SOM,0,2021
SPM,0,2019
SPM,0,2020
SPM,0,2021
SRB,0,2019
SRB,0,2020
SRB,0,2021
SSD,4,2019
SSD,1,2020
SSD,4,2021
STP,0,2019
STP,0,2020
STP,0,2021
SUR,0,2019
SUR,0,2020
SUR,0,2021
SVK,0,2019
SVK,0,2020
SVK,0,2021
SVN,0,2019
SVN,0,2020
SVN,0,2021
SWE,0,2019
SWE,0,2020
SWE,0,2021
SWZ,0,2019
SWZ,0,2020
SWZ,0,2021
SXM,0,2019
SXM,0,2020
SXM,0,2021
SYC,0,2019
SYC,0,2020
SYC,0,2021
SYR,0,2019
SYR,0,2020
SYR,0,2021
TCA,0,2019
TCA,0,2020
TCA,0,2021
TCD,48,2019
TCD,12,2020
TCD,8,2021
TGO,0,2019
TGO,0,2020
TGO,0,2021
THA,0,2019
THA,0,2020
THA,0,2021
TJK,0,2019
TJK,0,2020
TJK,0,2021
TKL,0,2019
TKL,0,2020
TKL,0,2021
TKM,0,2019
TKM,0,2020
TKM,0,2021
TLS,0,2019
TLS,0,2020
TLS,0,2021
TON,0,2019
TON,0,2020
TON,0,2021
TTO,0,2019
TTO,0,2020
TTO,0,2021
TUN,0,2019
TUN,0,2020
TUN,0,2021
TUR,0,2019
TUR,0,2020
TUR,0,2021
TUV,0,2019
TUV,0,2020
TUV,0,2021
TZA,0,2019
TZA,0,2020
TZA,0,2021
UGA,0,2019
UGA,0,2020
UGA,0,2021
UKR,0,2019
UKR,0,2020
UKR,0,2021
URY,0,2019
URY,0,2020
URY,0,2021
USA,0,2019
USA,0,2020
USA,0,2021
UZB,0,2019
UZB,0,2020
UZB,0,2021
VCT,0,2019
VCT,0,2020
VCT,0,2021
VEN,0,2019
VEN,0,2020
VEN,0,2021
VGB,0,2019
VGB,0,2020
VGB,0,2021
VIR,0,2019
VIR,0,2020
VIR,0,2021
VNM,0,2019
VNM,0,2020
VNM,0,2021
VUT,0,2019
VUT,0,2020
VUT,0,2021
WSM,0,2019
WSM,0,2020
WSM,0,2021
YEM,0,2019
YEM,0,2020
YEM,0,2021
ZAF,0,2019
ZAF,0,2020
ZAF,0,2021
ZMB,0,2019
ZMB,0,2020
ZMB,0,2021
ZWE,0,2019
ZWE,0,2020
ZWE,0,2021
AFG,0,2022
ALB,0,2022
DZA,0,2022
AND,0,2022
ATG,0,2022
ARG,0,2022
ARM,0,2022
AUS,0,2022
AUT,0,2022
AZE,0,2022
BHS,0,2022
BHR,0,2022
BGD,0,2022
BRB,0,2022
BLR,0,2022
BEL,0,2022
BLZ,0,2022
BEN,0,2022
BTN,0,2022
BOL,0,2022
BWA,0,2022
BRA,0,2022
BRN,0,2022
BGR,0,2022
BFA,0,2022
BDI,0,2022
KHM,0,2022
CMR,0,2022
CAN,0,2022
CPV,0,2022
CAF,0,2022
TCD,6,2022
CHL,0,2022
CHN,0,2022
COL,0,2022
COM,0,2022
COG,0,2022
COK,0,2022
CRI,0,2022
HRV,0,2022
CUB,0,2022
CYP,0,2022
CZE,0,2022
PRK,0,2022
COD,0,2022
DNK,0,2022
DJI,0,2022
DMA,0,2022
DOM,0,2022
ECU,0,2022
EGY,0,2022
SLV,0,2022
GNQ,0,2022
EST,0,2022
ETH,0,2022
FJI,0,2022
FIN,0,2022
FRA,0,2022
GAB,0,2022
GMB,0,2022
GEO,0,2022
DEU,0,2022
GHA,0,2022
GRC,0,2022
GRD,0,2022
GTM,0,2022
GIN,0,2022
GNB,0,2022
GUY,0,2022
HTI,0,2022
HND,0,2022
HUN,0,2022
ISL,0,2022
IND,0,2022
IDN,0,2022
IRN,0,2022
IRQ,0,2022
IRL,0,2022
ISR,0,2022
ITA,0,2022
JAM,0,2022
JPN,0,2022
JOR,0,2022
KAZ,0,2022
KEN,0,2022
KIR,0,2022
KWT,0,2022
KGZ,0,2022
LAO,0,2022
LVA,0,2022
LBN,0,2022
LSO,0,2022
LBR,0,2022
LBY,0,2022
LTU,0,2022
LUX,0,2022
MDG,0,2022
MWI,0,2022
MYS,0,2022
MDV,0,2022
MLI,0,2022
MLT,0,2022
MHL,0,2022
MRT,0,2022
MUS,0,2022
MEX,0,2022
FSM,0,2022
MCO,0,2022
MNG,0,2022
MAR,0,2022
MOZ,0,2022
MMR,0,2022
NAM,0,2022
NRU,0,2022
NPL,0,2022
NLD,0,2022
NZL,0,2022
NIC,0,2022
NER,0,2022
NGA,0,2022
NIU,0,2022
NOR,0,2022
OMN,0,2022
PAK,0,2022
PLW,0,2022
PAN,0,2022
PNG,0,2022
PRY,0,2022
PER,0,2022
PHL,0,2022
POL,0,2022
PRT,0,2022
QAT,0,2022
KOR,0,2022
MDA,0,2022
ROU,0,2022
RUS,0,2022
RWA,0,2022
KNA,0,2022
LCA,0,2022
VCT,0,2022
WSM,0,2022
SMR,0,2022
STP,0,2022
SAU,0,2022
SEN,0,2022
SRB,0,2022
SYC,0,2022
SLE,0,2022
SGP,0,2022
SVK,0,2022
SVN,0,2022
SLB,0,2022
ESP,0,2022
LKA,0,2022
SDN,0,2022
SUR,0,2022
SWZ,0,2022
SWE,0,2022
CHE,0,2022
SYR,0,2022
TJK,0,2022
THA,0,2022
MKD,0,2022
TLS,0,2022
TGO,0,2022
TON,0,2022
TTO,0,2022
TUN,0,2022
TUR,0,2022
TKM,0,2022
TUV,0,2022
UGA,0,2022
UKR,0,2022
ARE,0,2022
GBR,0,2022
TZA,0,2022
USA,0,2022
URY,0,2022
UZB,0,2022
VUT,0,2022
VEN,0,2022
VNM,0,2022
YEM,0,2022
ZMB,0,2022
ZWE,0,2022
MNE,0,2022
CIV,0,2022
SSD,3,2022